
INSERT INTO status VALUES
('72b11cec-0080-496a-a3a9-92494007befb', 'Project'),
('5ce3bbc1-6561-4c71-aa33-382692322b40', 'MATC'),
('d6c3fe4e-e7c9-4961-b7fe-9350242992e9', 'Backup'),
('983b41a6-f1b6-4309-87df-5bfd2048392f', 'Training'),
('b501cfdc-ea0b-4659-b6d5-0449467a9ca0', 'Bench');
INSERT INTO company VALUES
('48767ba4-a9a2-4c0b-9ce9-cf0c53e8e45e', '10Decoders Consultancy Services Pvt Ltd.'),
('c58f8dd9-95dc-4d01-836b-4df6b37de527', 'Dorustree Private Limited'),
('8cf87de5-574d-44ab-bf7f-25dec35cca73', 'Fabbox Studios');
INSERT INTO employee(id,email,first_name,last_name,company_id,status_id) VALUES
	 ('000d0173-73cd-48dc-b78a-a18f185d3bc4','ElisabethBeatty6264@dorustree.com','Elisabeth','Beatty','8cf87de5-574d-44ab-bf7f-25dec35cca73','72b11cec-0080-496a-a3a9-92494007befb'),
	 ('04934017-d5a2-4219-8378-3160d7ee8d31','GuillermoDicki4748@dorustree.com','Guillermo','Dicki','48767ba4-a9a2-4c0b-9ce9-cf0c53e8e45e','5ce3bbc1-6561-4c71-aa33-382692322b40'),
	 ('057419e3-740c-4b90-9ab1-f9caae3ee07b','VernonZiemann1182@10decoders.com','Vernon','Ziemann','8cf87de5-574d-44ab-bf7f-25dec35cca73','72b11cec-0080-496a-a3a9-92494007befb'),
	 ('06ba37e3-382e-41f3-b0e4-526cd658d189','LeoneLeannon1073@10decoders.com','Leone','Leannon','48767ba4-a9a2-4c0b-9ce9-cf0c53e8e45e','5ce3bbc1-6561-4c71-aa33-382692322b40'),
	 ('084ef904-e251-4a35-b836-5fc9af774e39','LiamOrn2233@dorustree.com','Liam','Orn','8cf87de5-574d-44ab-bf7f-25dec35cca73','72b11cec-0080-496a-a3a9-92494007befb'),
	 ('08f718e6-a473-435b-b20f-4880506b5717','RoyTillman5244@10decoders.com','Roy','Tillman','48767ba4-a9a2-4c0b-9ce9-cf0c53e8e45e','983b41a6-f1b6-4309-87df-5bfd2048392f'),
	 ('0925148c-ce94-4c41-918e-b920949fce5d','JaylinRogahn4338@10decoders.com','Jaylin','Rogahn','48767ba4-a9a2-4c0b-9ce9-cf0c53e8e45e','5ce3bbc1-6561-4c71-aa33-382692322b40'),
	 ('096e3414-d010-4790-8eb3-95f6eb3dc346','NormaGislason3222@10decoders.com','Norma','Gislason','48767ba4-a9a2-4c0b-9ce9-cf0c53e8e45e','5ce3bbc1-6561-4c71-aa33-382692322b40'),
	 ('0a7d26ed-fb58-4657-8b96-409fe93adf3b','DominicGrant0209@10decoders.com','Dominic','Grant','8cf87de5-574d-44ab-bf7f-25dec35cca73','5ce3bbc1-6561-4c71-aa33-382692322b40'),
	 ('0b966b4a-513c-4bd5-8e05-988610e01c38','BrandonMayer0696@dorustree.com','Brandon','Mayer','48767ba4-a9a2-4c0b-9ce9-cf0c53e8e45e','5ce3bbc1-6561-4c71-aa33-382692322b40');
INSERT INTO employee(id,email,first_name,last_name,company_id,status_id) VALUES
	 ('0c6e9446-76e0-4a8c-8430-0446dc8b58c4','BetsyBode8568@10decoders.com','Betsy','Bode','8cf87de5-574d-44ab-bf7f-25dec35cca73','983b41a6-f1b6-4309-87df-5bfd2048392f'),
	 ('0c7f6ad3-0777-4f5f-a415-0b88efc4ffa7','RahsaanKovacek3092@dorustree.com','Rahsaan','Kovacek','48767ba4-a9a2-4c0b-9ce9-cf0c53e8e45e','5ce3bbc1-6561-4c71-aa33-382692322b40'),
	 ('0d91e646-463e-462a-ac85-71b04f63268f','ElsiePowlowski0851@fabbox.com','Elsie','Powlowski','48767ba4-a9a2-4c0b-9ce9-cf0c53e8e45e','5ce3bbc1-6561-4c71-aa33-382692322b40'),
	 ('149fe756-f5d0-4c36-a23b-ee44a3ba204f','FredaLind9416@10decoders.com','Freda','Lind','8cf87de5-574d-44ab-bf7f-25dec35cca73','983b41a6-f1b6-4309-87df-5bfd2048392f'),
	 ('14b4f8b1-1e07-49f4-ba58-0c197dad402d','CaterinaTerry1592@dorustree.com','Caterina','Terry','8cf87de5-574d-44ab-bf7f-25dec35cca73','72b11cec-0080-496a-a3a9-92494007befb'),
	 ('157c215a-84d3-4842-8c76-8cb39aef8eb5','DarenZiemann2409@fabbox.com','Daren','Ziemann','8cf87de5-574d-44ab-bf7f-25dec35cca73','b501cfdc-ea0b-4659-b6d5-0449467a9ca0'),
	 ('1588ec04-ad0d-41a8-9f1b-c7f61e260779','HowellHarber4246@dorustree.com','Howell','Harber','48767ba4-a9a2-4c0b-9ce9-cf0c53e8e45e','5ce3bbc1-6561-4c71-aa33-382692322b40'),
	 ('15fc268a-7811-4fd8-bdf0-8940ae5d01e0','MicahHoeger4023@10decoders.com','Micah','Hoeger','48767ba4-a9a2-4c0b-9ce9-cf0c53e8e45e','5ce3bbc1-6561-4c71-aa33-382692322b40'),
	 ('16cc9b60-35c2-4c29-8524-d6086d9ca27c','LorenaMosciski8358@fabbox.com','Lorena','Mosciski','8cf87de5-574d-44ab-bf7f-25dec35cca73','5ce3bbc1-6561-4c71-aa33-382692322b40'),
	 ('176cec50-0de5-45eb-b09b-9e060f75e698','AlexandreHoppe6072@10decoders.com','Alexandre','Hoppe','8cf87de5-574d-44ab-bf7f-25dec35cca73','72b11cec-0080-496a-a3a9-92494007befb');
INSERT INTO employee(id,email,first_name,last_name,company_id,status_id) VALUES
	 ('17c27843-2bd8-4275-9014-68e1a79a3376','FranciscaCassin7723@fabbox.com','Francisca','Cassin','8cf87de5-574d-44ab-bf7f-25dec35cca73','b501cfdc-ea0b-4659-b6d5-0449467a9ca0'),
	 ('180302da-602f-4540-8fb2-903e05c0005c','JohnnieMarquardt8281@dorustree.com','Johnnie','Marquardt','8cf87de5-574d-44ab-bf7f-25dec35cca73','983b41a6-f1b6-4309-87df-5bfd2048392f'),
	 ('192f151f-4be9-4042-91da-45fca551b5f6','RaleighKoch5003@dorustree.com','Raleigh','Koch','8cf87de5-574d-44ab-bf7f-25dec35cca73','b501cfdc-ea0b-4659-b6d5-0449467a9ca0'),
	 ('1ae1b161-a01c-4c0a-ad65-df4f4e73a0e4','ShadRunte3535@dorustree.com','Shad','Runte','48767ba4-a9a2-4c0b-9ce9-cf0c53e8e45e','983b41a6-f1b6-4309-87df-5bfd2048392f'),
	 ('1f2ffbf0-b13d-438c-a982-91f48433636e','RevaDoyle6070@fabbox.com','Reva','Doyle','8cf87de5-574d-44ab-bf7f-25dec35cca73','72b11cec-0080-496a-a3a9-92494007befb'),
	 ('222bb670-d92b-43fe-ab63-690ed197f46f','JacintoLangosh6447@fabbox.com','Jacinto','Langosh','48767ba4-a9a2-4c0b-9ce9-cf0c53e8e45e','983b41a6-f1b6-4309-87df-5bfd2048392f'),
	 ('22e4d8bc-51f7-4c5b-8671-4033e5c4b4ce','LuigiJaskolski2016@fabbox.com','Luigi','Jaskolski','48767ba4-a9a2-4c0b-9ce9-cf0c53e8e45e','5ce3bbc1-6561-4c71-aa33-382692322b40'),
	 ('2325955a-3a35-4e42-8d90-7241e196ed71','LeonardoWolf8858@10decoders.com','Leonardo','Wolf','8cf87de5-574d-44ab-bf7f-25dec35cca73','983b41a6-f1b6-4309-87df-5bfd2048392f'),
	 ('233ac21a-1427-43ee-ac6e-4f9920bda800','LeonoraCollins5660@dorustree.com','Leonora','Collins','48767ba4-a9a2-4c0b-9ce9-cf0c53e8e45e','b501cfdc-ea0b-4659-b6d5-0449467a9ca0'),
	 ('26130032-a78f-493e-88c1-9e7fe46eaadc','BessieCassin8867@10decoders.com','Bessie','Cassin','8cf87de5-574d-44ab-bf7f-25dec35cca73','b501cfdc-ea0b-4659-b6d5-0449467a9ca0');
INSERT INTO employee(id,email,first_name,last_name,company_id,status_id) VALUES
	 ('26753f13-7c3a-4b0f-91e1-b67b02bbdbea','AbnerBruen6609@10decoders.com','Abner','Bruen','48767ba4-a9a2-4c0b-9ce9-cf0c53e8e45e','72b11cec-0080-496a-a3a9-92494007befb'),
	 ('2766927f-741e-472e-98ea-3a13bea0ad8a','CandaceFay1462@fabbox.com','Candace','Fay','48767ba4-a9a2-4c0b-9ce9-cf0c53e8e45e','72b11cec-0080-496a-a3a9-92494007befb'),
	 ('2896b16e-16be-4aa1-9e53-087b6c7dbcc3','StuartStamm9337@10decoders.com','Stuart','Stamm','48767ba4-a9a2-4c0b-9ce9-cf0c53e8e45e','72b11cec-0080-496a-a3a9-92494007befb'),
	 ('293efd38-2aaf-43ea-b339-c597bb996f81','AuroreWalker2717@dorustree.com','Aurore','Walker','8cf87de5-574d-44ab-bf7f-25dec35cca73','983b41a6-f1b6-4309-87df-5bfd2048392f'),
	 ('2940cb48-b1fc-4f1c-b08a-3a5284429c22','MortonSwaniawski6105@dorustree.com','Morton','Swaniawski','8cf87de5-574d-44ab-bf7f-25dec35cca73','b501cfdc-ea0b-4659-b6d5-0449467a9ca0'),
	 ('29cbb6b0-5b24-4763-8d33-545084a2af04','ErikaO''Keefe2504@fabbox.com','Erika','O''Keefe','8cf87de5-574d-44ab-bf7f-25dec35cca73','b501cfdc-ea0b-4659-b6d5-0449467a9ca0'),
	 ('2a296ac8-40e2-4910-a440-189c790e75aa','ArmandKessler6316@dorustree.com','Armand','Kessler','48767ba4-a9a2-4c0b-9ce9-cf0c53e8e45e','983b41a6-f1b6-4309-87df-5bfd2048392f'),
	 ('2a54d99e-f0ba-42cc-a4f9-96c646a59109','LavinaJaskolski6777@dorustree.com','Lavina','Jaskolski','48767ba4-a9a2-4c0b-9ce9-cf0c53e8e45e','5ce3bbc1-6561-4c71-aa33-382692322b40'),
	 ('2c34c964-6026-4090-8d4f-b4dcb391cf41','JuanaMcLaughlin3456@fabbox.com','Juana','McLaughlin','48767ba4-a9a2-4c0b-9ce9-cf0c53e8e45e','72b11cec-0080-496a-a3a9-92494007befb'),
	 ('2d1b1407-9fdd-4d9e-b800-743ffb393332','DarianCremin3595@dorustree.com','Darian','Cremin','48767ba4-a9a2-4c0b-9ce9-cf0c53e8e45e','b501cfdc-ea0b-4659-b6d5-0449467a9ca0');
INSERT INTO employee(id,email,first_name,last_name,company_id,status_id) VALUES
	 ('2de3dbe1-5670-4994-8217-a3c717c176e7','EllenJacobson4903@10decoders.com','Ellen','Jacobson','8cf87de5-574d-44ab-bf7f-25dec35cca73','b501cfdc-ea0b-4659-b6d5-0449467a9ca0'),
	 ('2e9fab3d-e11f-4776-ba8e-b0e41ed4a9ae','EstaFeeney8225@10decoders.com','Esta','Feeney','8cf87de5-574d-44ab-bf7f-25dec35cca73','5ce3bbc1-6561-4c71-aa33-382692322b40'),
	 ('2ec6adf1-efa4-434f-a795-1affe6b63e87','TamiaSchaden3985@10decoders.com','Tamia','Schaden','8cf87de5-574d-44ab-bf7f-25dec35cca73','72b11cec-0080-496a-a3a9-92494007befb'),
	 ('30ceaec6-027c-4760-bfc0-0b89c079cbb5','StephanyBauch2265@dorustree.com','Stephany','Bauch','48767ba4-a9a2-4c0b-9ce9-cf0c53e8e45e','983b41a6-f1b6-4309-87df-5bfd2048392f'),
	 ('3685b36e-65b7-4582-a696-04f011ed5999','MireilleSteuber4499@dorustree.com','Mireille','Steuber','48767ba4-a9a2-4c0b-9ce9-cf0c53e8e45e','983b41a6-f1b6-4309-87df-5bfd2048392f'),
	 ('374de7f0-054a-45e3-a9ff-aa5bb809c204','FritzZulauf7699@10decoders.com','Fritz','Zulauf','48767ba4-a9a2-4c0b-9ce9-cf0c53e8e45e','b501cfdc-ea0b-4659-b6d5-0449467a9ca0'),
	 ('3822e173-a29e-4efe-8afc-305a273946b1','JaydenKeebler4595@fabbox.com','Jayden','Keebler','48767ba4-a9a2-4c0b-9ce9-cf0c53e8e45e','72b11cec-0080-496a-a3a9-92494007befb'),
	 ('3a998d63-14a4-4d12-a2ce-5cff69835500','JettieDietrich3680@fabbox.com','Jettie','Dietrich','8cf87de5-574d-44ab-bf7f-25dec35cca73','5ce3bbc1-6561-4c71-aa33-382692322b40'),
	 ('3c157e46-73f9-42b4-b127-d1ad255a0b7a','BereniceFerry6111@fabbox.com','Berenice','Ferry','48767ba4-a9a2-4c0b-9ce9-cf0c53e8e45e','983b41a6-f1b6-4309-87df-5bfd2048392f'),
	 ('3cb9512f-82e8-42d1-8083-3f82f1884b6a','KelsiPaucek7314@dorustree.com','Kelsi','Paucek','8cf87de5-574d-44ab-bf7f-25dec35cca73','983b41a6-f1b6-4309-87df-5bfd2048392f');
INSERT INTO employee(id,email,first_name,last_name,company_id,status_id) VALUES
	 ('3e05a49d-cb2b-4c20-bfaf-710fc6e5057c','AprilKerluke3471@dorustree.com','April','Kerluke','8cf87de5-574d-44ab-bf7f-25dec35cca73','5ce3bbc1-6561-4c71-aa33-382692322b40'),
	 ('3e611cf0-c3a1-4f56-800a-ba5b954b25ba','MartinHerzog4548@dorustree.com','Martin','Herzog','8cf87de5-574d-44ab-bf7f-25dec35cca73','b501cfdc-ea0b-4659-b6d5-0449467a9ca0'),
	 ('3ffba766-bf83-46db-aa24-d4d5e1cb983f','YasmeenMaggio8340@fabbox.com','Yasmeen','Maggio','48767ba4-a9a2-4c0b-9ce9-cf0c53e8e45e','983b41a6-f1b6-4309-87df-5bfd2048392f'),
	 ('419bad2f-5058-419c-bd1a-47de31751f2c','CarliLarson5156@10decoders.com','Carli','Larson','8cf87de5-574d-44ab-bf7f-25dec35cca73','b501cfdc-ea0b-4659-b6d5-0449467a9ca0'),
	 ('42818639-7384-41af-ab76-59610225377f','JoanneGorczany8805@10decoders.com','Joanne','Gorczany','48767ba4-a9a2-4c0b-9ce9-cf0c53e8e45e','72b11cec-0080-496a-a3a9-92494007befb'),
	 ('4288e61a-51e9-4556-a7e4-2916ae529d9a','MoriahSatterfield6087@dorustree.com','Moriah','Satterfield','48767ba4-a9a2-4c0b-9ce9-cf0c53e8e45e','72b11cec-0080-496a-a3a9-92494007befb'),
	 ('431b490c-b497-4723-ae00-c921f28fde49','BelleFeil4615@fabbox.com','Belle','Feil','48767ba4-a9a2-4c0b-9ce9-cf0c53e8e45e','72b11cec-0080-496a-a3a9-92494007befb'),
	 ('440b0cef-f3bb-499f-856f-3dcf15942393','DarrylBeahan2173@10decoders.com','Darryl','Beahan','48767ba4-a9a2-4c0b-9ce9-cf0c53e8e45e','5ce3bbc1-6561-4c71-aa33-382692322b40'),
	 ('4495c6ce-c135-4408-9535-518291299045','JanickCollins9079@fabbox.com','Janick','Collins','8cf87de5-574d-44ab-bf7f-25dec35cca73','983b41a6-f1b6-4309-87df-5bfd2048392f'),
	 ('468def0f-615f-471d-8b63-ca2cede004cc','ConnieSchaefer8663@fabbox.com','Connie','Schaefer','8cf87de5-574d-44ab-bf7f-25dec35cca73','5ce3bbc1-6561-4c71-aa33-382692322b40');
INSERT INTO employee(id,email,first_name,last_name,company_id,status_id) VALUES
	 ('477ce36c-40e6-4638-83a0-d0ef905ef06e','DinaGraham2821@10decoders.com','Dina','Graham','8cf87de5-574d-44ab-bf7f-25dec35cca73','b501cfdc-ea0b-4659-b6d5-0449467a9ca0'),
	 ('47be0a34-309b-49c2-93f1-9999df3c29aa','DoloresHand1877@10decoders.com','Dolores','Hand','8cf87de5-574d-44ab-bf7f-25dec35cca73','983b41a6-f1b6-4309-87df-5bfd2048392f'),
	 ('492481a9-3b8d-4acb-b7f2-5615f9c2a9b9','KeshaunRitchie4318@fabbox.com','Keshaun','Ritchie','48767ba4-a9a2-4c0b-9ce9-cf0c53e8e45e','72b11cec-0080-496a-a3a9-92494007befb'),
	 ('49c1fff2-ab62-41f4-a0e0-a8a6ccc7eb79','HoustonKiehn0364@fabbox.com','Houston','Kiehn','48767ba4-a9a2-4c0b-9ce9-cf0c53e8e45e','b501cfdc-ea0b-4659-b6d5-0449467a9ca0'),
	 ('49dd2045-45ae-424c-aafe-67fa4800c87b','MakenzieMorissette6308@fabbox.com','Makenzie','Morissette','8cf87de5-574d-44ab-bf7f-25dec35cca73','5ce3bbc1-6561-4c71-aa33-382692322b40'),
	 ('4be62ada-b75c-495a-ae42-0a32e693dc7f','DustinCole6829@10decoders.com','Dustin','Cole','48767ba4-a9a2-4c0b-9ce9-cf0c53e8e45e','72b11cec-0080-496a-a3a9-92494007befb'),
	 ('4c72c208-4b9c-4e9f-b337-8bf0a8e01a86','AnabelleHessel6970@10decoders.com','Anabelle','Hessel','48767ba4-a9a2-4c0b-9ce9-cf0c53e8e45e','72b11cec-0080-496a-a3a9-92494007befb'),
	 ('4d51ee5c-37f4-4782-a948-d40c7e2e3a88','RashadDaugherty0397@10decoders.com','Rashad','Daugherty','48767ba4-a9a2-4c0b-9ce9-cf0c53e8e45e','b501cfdc-ea0b-4659-b6d5-0449467a9ca0'),
	 ('4f943c3b-69b2-44a7-8b81-0360721add88','JarrettStokes5217@10decoders.com','Jarrett','Stokes','48767ba4-a9a2-4c0b-9ce9-cf0c53e8e45e','5ce3bbc1-6561-4c71-aa33-382692322b40'),
	 ('50ef55b6-5c3d-43a0-96d8-37f4a5443c44','DemetriusBarrows4372@dorustree.com','Demetrius','Barrows','48767ba4-a9a2-4c0b-9ce9-cf0c53e8e45e','b501cfdc-ea0b-4659-b6d5-0449467a9ca0');
INSERT INTO employee(id,email,first_name,last_name,company_id,status_id) VALUES
	 ('515ed624-ed89-41b4-9264-05cd6434e688','MilesDooley2808@dorustree.com','Miles','Dooley','48767ba4-a9a2-4c0b-9ce9-cf0c53e8e45e','72b11cec-0080-496a-a3a9-92494007befb'),
	 ('5453b281-57bf-421f-86d9-598e42c38205','ChanelGottlieb8967@10decoders.com','Chanel','Gottlieb','8cf87de5-574d-44ab-bf7f-25dec35cca73','5ce3bbc1-6561-4c71-aa33-382692322b40'),
	 ('562ea3bf-e1d7-4687-bd29-a800bb1f53be','LennyCrist3388@dorustree.com','Lenny','Crist','48767ba4-a9a2-4c0b-9ce9-cf0c53e8e45e','72b11cec-0080-496a-a3a9-92494007befb'),
	 ('563c7975-5572-48ae-b5f1-c72302885101','LeanneBahringer4958@10decoders.com','Leanne','Bahringer','8cf87de5-574d-44ab-bf7f-25dec35cca73','72b11cec-0080-496a-a3a9-92494007befb'),
	 ('564c03f2-5124-4607-be4e-16c7c1ba0676','KaylahBatz0818@dorustree.com','Kaylah','Batz','48767ba4-a9a2-4c0b-9ce9-cf0c53e8e45e','5ce3bbc1-6561-4c71-aa33-382692322b40'),
	 ('5738f8a7-8e0a-482b-8509-bfeec8e7e630','NigelGrady8498@dorustree.com','Nigel','Grady','48767ba4-a9a2-4c0b-9ce9-cf0c53e8e45e','983b41a6-f1b6-4309-87df-5bfd2048392f'),
	 ('57a04230-8aea-483f-ab6b-e505b03aae36','JimmieKirlin7686@dorustree.com','Jimmie','Kirlin','8cf87de5-574d-44ab-bf7f-25dec35cca73','72b11cec-0080-496a-a3a9-92494007befb'),
	 ('5b68b9d3-2fa9-40e8-81c9-c6a7b02c40f6','AnnetteSchneider9561@10decoders.com','Annette','Schneider','8cf87de5-574d-44ab-bf7f-25dec35cca73','b501cfdc-ea0b-4659-b6d5-0449467a9ca0'),
	 ('5b9354dc-a5e2-4d72-942c-b0488a21f005','MohammedRobel3113@dorustree.com','Mohammed','Robel','8cf87de5-574d-44ab-bf7f-25dec35cca73','72b11cec-0080-496a-a3a9-92494007befb'),
	 ('5d313d67-0c43-4e79-b7e6-de740f262dc4','GuillermoHoeger9403@10decoders.com','Guillermo','Hoeger','48767ba4-a9a2-4c0b-9ce9-cf0c53e8e45e','b501cfdc-ea0b-4659-b6d5-0449467a9ca0');
INSERT INTO employee(id,email,first_name,last_name,company_id,status_id) VALUES
	 ('5e04c8b9-15e2-4017-aea8-37526428f9cb','AldaHodkiewicz9771@fabbox.com','Alda','Hodkiewicz','8cf87de5-574d-44ab-bf7f-25dec35cca73','72b11cec-0080-496a-a3a9-92494007befb'),
	 ('5e47c2b1-4f61-41e6-bba4-3c3bd20144ad','TheaGusikowski3026@fabbox.com','Thea','Gusikowski','8cf87de5-574d-44ab-bf7f-25dec35cca73','983b41a6-f1b6-4309-87df-5bfd2048392f'),
	 ('5f6b752f-5c11-4d64-bc8c-850fd36802cf','AlexandrineGleichner6570@dorustree.com','Alexandrine','Gleichner','48767ba4-a9a2-4c0b-9ce9-cf0c53e8e45e','983b41a6-f1b6-4309-87df-5bfd2048392f'),
	 ('60dfe08d-f7c4-4b72-a8e2-36e5f0d1b1ba','DiannaDoyle6126@fabbox.com','Dianna','Doyle','8cf87de5-574d-44ab-bf7f-25dec35cca73','72b11cec-0080-496a-a3a9-92494007befb'),
	 ('61b33e80-11a7-43f0-b08f-bde6afc0a12f','CornellMorar2978@fabbox.com','Cornell','Morar','8cf87de5-574d-44ab-bf7f-25dec35cca73','b501cfdc-ea0b-4659-b6d5-0449467a9ca0'),
	 ('6283c9a9-101c-4a75-b53e-429cfe5b9fcf','LenoreLegros7699@dorustree.com','Lenore','Legros','8cf87de5-574d-44ab-bf7f-25dec35cca73','983b41a6-f1b6-4309-87df-5bfd2048392f'),
	 ('62ebad14-3d20-492e-9e0f-93cfe789b8ff','JerelGoyette8210@10decoders.com','Jerel','Goyette','8cf87de5-574d-44ab-bf7f-25dec35cca73','72b11cec-0080-496a-a3a9-92494007befb'),
	 ('64d9e593-2bcb-428d-bc7c-6f7b6d8283e6','EdmundKreiger8799@10decoders.com','Edmund','Kreiger','8cf87de5-574d-44ab-bf7f-25dec35cca73','983b41a6-f1b6-4309-87df-5bfd2048392f'),
	 ('6592a2ab-93ad-4e71-973c-27492845a94d','TitoPagac4869@dorustree.com','Tito','Pagac','8cf87de5-574d-44ab-bf7f-25dec35cca73','72b11cec-0080-496a-a3a9-92494007befb'),
	 ('66410e79-e4b1-4f23-b901-a3fdd14f3c76','GarretKuhlman7417@10decoders.com','Garret','Kuhlman','8cf87de5-574d-44ab-bf7f-25dec35cca73','72b11cec-0080-496a-a3a9-92494007befb');
INSERT INTO employee(id,email,first_name,last_name,company_id,status_id) VALUES
	 ('69f2bc4e-d10c-4f84-b153-d19986417120','ClaudeHayes5434@dorustree.com','Claude','Hayes','48767ba4-a9a2-4c0b-9ce9-cf0c53e8e45e','983b41a6-f1b6-4309-87df-5bfd2048392f'),
	 ('6a54639d-d149-4093-bfa2-07ecffcc9aa4','DejahKoepp1476@fabbox.com','Dejah','Koepp','48767ba4-a9a2-4c0b-9ce9-cf0c53e8e45e','72b11cec-0080-496a-a3a9-92494007befb'),
	 ('6ad97d25-ceef-4394-8b0c-c3987dd79693','TatyanaSchmeler3312@dorustree.com','Tatyana','Schmeler','8cf87de5-574d-44ab-bf7f-25dec35cca73','b501cfdc-ea0b-4659-b6d5-0449467a9ca0'),
	 ('6b74db64-7d7a-40e8-83ca-44f67cea4f71','LlewellynPagac0931@fabbox.com','Llewellyn','Pagac','48767ba4-a9a2-4c0b-9ce9-cf0c53e8e45e','983b41a6-f1b6-4309-87df-5bfd2048392f'),
	 ('7134bc5f-7efd-4701-bf69-f50a7a5bffc2','ShaniyaBuckridge7852@fabbox.com','Shaniya','Buckridge','8cf87de5-574d-44ab-bf7f-25dec35cca73','b501cfdc-ea0b-4659-b6d5-0449467a9ca0'),
	 ('71b9cd34-0fa5-4d28-b7b1-b28f1ab93640','MartineEffertz4508@fabbox.com','Martine','Effertz','48767ba4-a9a2-4c0b-9ce9-cf0c53e8e45e','b501cfdc-ea0b-4659-b6d5-0449467a9ca0'),
	 ('72d6c222-9cb0-47ce-8208-c41434dae0d1','RoyalJerde4345@10decoders.com','Royal','Jerde','8cf87de5-574d-44ab-bf7f-25dec35cca73','983b41a6-f1b6-4309-87df-5bfd2048392f'),
	 ('73522b47-c9fd-4062-ac83-4f26822baf29','ImeldaRobel5909@dorustree.com','Imelda','Robel','48767ba4-a9a2-4c0b-9ce9-cf0c53e8e45e','5ce3bbc1-6561-4c71-aa33-382692322b40'),
	 ('74656671-42fa-4881-861b-875540d52f89','LeilaniNienow8963@fabbox.com','Leilani','Nienow','48767ba4-a9a2-4c0b-9ce9-cf0c53e8e45e','983b41a6-f1b6-4309-87df-5bfd2048392f'),
	 ('75e7fc0e-5b52-4a48-a076-318cc63bd7b4','CraigCormier9398@dorustree.com','Craig','Cormier','8cf87de5-574d-44ab-bf7f-25dec35cca73','72b11cec-0080-496a-a3a9-92494007befb');
INSERT INTO employee(id,email,first_name,last_name,company_id,status_id) VALUES
	 ('76aa2f4b-4eed-43ce-8c1a-cca8877045bd','ElianLabadie2509@fabbox.com','Elian','Labadie','48767ba4-a9a2-4c0b-9ce9-cf0c53e8e45e','983b41a6-f1b6-4309-87df-5bfd2048392f'),
	 ('7700eef1-621c-4730-aa28-c0aff5197398','ErnestHintz0465@dorustree.com','Ernest','Hintz','48767ba4-a9a2-4c0b-9ce9-cf0c53e8e45e','983b41a6-f1b6-4309-87df-5bfd2048392f'),
	 ('77a3dffa-e3c8-4b12-9e4c-b30342648029','AldenStokes6990@10decoders.com','Alden','Stokes','8cf87de5-574d-44ab-bf7f-25dec35cca73','983b41a6-f1b6-4309-87df-5bfd2048392f'),
	 ('7846d4eb-9187-42f4-9192-eead9201950c','AmyaVonRueden1727@fabbox.com','Amya','VonRueden','48767ba4-a9a2-4c0b-9ce9-cf0c53e8e45e','b501cfdc-ea0b-4659-b6d5-0449467a9ca0'),
	 ('78985d5e-895b-49b5-bbf6-8d5379de485a','DollyDeckow3908@fabbox.com','Dolly','Deckow','8cf87de5-574d-44ab-bf7f-25dec35cca73','72b11cec-0080-496a-a3a9-92494007befb'),
	 ('78add6c2-0928-41c3-bd10-53eb5053229e','EllenRohan5698@10decoders.com','Ellen','Rohan','48767ba4-a9a2-4c0b-9ce9-cf0c53e8e45e','983b41a6-f1b6-4309-87df-5bfd2048392f'),
	 ('7a851101-152e-4d60-b389-1ed7bdb50d7f','AsiaReilly9872@dorustree.com','Asia','Reilly','8cf87de5-574d-44ab-bf7f-25dec35cca73','983b41a6-f1b6-4309-87df-5bfd2048392f'),
	 ('7b345b82-cf71-4f9a-bc3a-02e34a2f1120','RyleeTromp7363@fabbox.com','Rylee','Tromp','8cf87de5-574d-44ab-bf7f-25dec35cca73','5ce3bbc1-6561-4c71-aa33-382692322b40'),
	 ('7c8e5895-38d3-42a7-889d-0f53ffe8796c','RaeganWilkinson3685@fabbox.com','Raegan','Wilkinson','8cf87de5-574d-44ab-bf7f-25dec35cca73','983b41a6-f1b6-4309-87df-5bfd2048392f'),
	 ('7ce0c001-9ee0-42a1-a76c-8045f1becbb9','MarquesHilll8991@10decoders.com','Marques','Hilll','48767ba4-a9a2-4c0b-9ce9-cf0c53e8e45e','5ce3bbc1-6561-4c71-aa33-382692322b40');
INSERT INTO employee(id,email,first_name,last_name,company_id,status_id) VALUES
	 ('8075766c-697d-4402-bbf6-649f64d907c7','KeltonTerry2208@dorustree.com','Kelton','Terry','8cf87de5-574d-44ab-bf7f-25dec35cca73','b501cfdc-ea0b-4659-b6d5-0449467a9ca0'),
	 ('80a33bf1-9392-4d9d-addb-0237de3fbb1a','GeoTreutel4980@dorustree.com','Geo','Treutel','8cf87de5-574d-44ab-bf7f-25dec35cca73','b501cfdc-ea0b-4659-b6d5-0449467a9ca0'),
	 ('80f2f3d5-0417-4faf-be9a-81ce81940b30','MichaelBlick8692@10decoders.com','Michael','Blick','8cf87de5-574d-44ab-bf7f-25dec35cca73','72b11cec-0080-496a-a3a9-92494007befb'),
	 ('8127efd6-d4a5-433f-8f7d-734aa8abe7a0','MiaRogahn8197@fabbox.com','Mia','Rogahn','48767ba4-a9a2-4c0b-9ce9-cf0c53e8e45e','5ce3bbc1-6561-4c71-aa33-382692322b40'),
	 ('82d45760-ddad-428b-8b0e-e29d5da0b528','DonaldKrajcik2137@fabbox.com','Donald','Krajcik','48767ba4-a9a2-4c0b-9ce9-cf0c53e8e45e','5ce3bbc1-6561-4c71-aa33-382692322b40'),
	 ('832ea6ed-8943-4a30-8f18-92d5905a3180','JarvisMohr5054@10decoders.com','Jarvis','Mohr','8cf87de5-574d-44ab-bf7f-25dec35cca73','5ce3bbc1-6561-4c71-aa33-382692322b40'),
	 ('838dd3e6-f756-4ad7-9af2-606112eca770','JustonDickinson4042@dorustree.com','Juston','Dickinson','48767ba4-a9a2-4c0b-9ce9-cf0c53e8e45e','983b41a6-f1b6-4309-87df-5bfd2048392f'),
	 ('843e2f87-91a2-4260-9b7d-bafbc3fc80bc','JulianaBecker3013@10decoders.com','Juliana','Becker','8cf87de5-574d-44ab-bf7f-25dec35cca73','b501cfdc-ea0b-4659-b6d5-0449467a9ca0'),
	 ('84fc1980-d1e1-4c50-ab0d-1fe12bad1df5','JuanitaPfannerstill5335@dorustree.com','Juanita','Pfannerstill','48767ba4-a9a2-4c0b-9ce9-cf0c53e8e45e','983b41a6-f1b6-4309-87df-5bfd2048392f'),
	 ('85787ee4-a513-4520-89ff-07735f44b32b','KristinaSwaniawski1948@fabbox.com','Kristina','Swaniawski','8cf87de5-574d-44ab-bf7f-25dec35cca73','72b11cec-0080-496a-a3a9-92494007befb');
INSERT INTO employee(id,email,first_name,last_name,company_id,status_id) VALUES
	 ('8853cd9d-05e7-4453-b4d3-b59d8f5ccde7','ChelsieFriesen4680@10decoders.com','Chelsie','Friesen','48767ba4-a9a2-4c0b-9ce9-cf0c53e8e45e','5ce3bbc1-6561-4c71-aa33-382692322b40'),
	 ('8887073b-44a9-4823-9065-b9526a445e76','OsbaldoTerry5161@10decoders.com','Osbaldo','Terry','48767ba4-a9a2-4c0b-9ce9-cf0c53e8e45e','983b41a6-f1b6-4309-87df-5bfd2048392f'),
	 ('89694bf3-7ad4-4af5-b6c3-704ba9f2fe70','KayleyFerry9303@dorustree.com','Kayley','Ferry','8cf87de5-574d-44ab-bf7f-25dec35cca73','b501cfdc-ea0b-4659-b6d5-0449467a9ca0'),
	 ('8d92e48d-2c5d-4b03-b140-fad55034a94d','WendellPowlowski3120@fabbox.com','Wendell','Powlowski','8cf87de5-574d-44ab-bf7f-25dec35cca73','72b11cec-0080-496a-a3a9-92494007befb'),
	 ('8e243c60-f8c2-4469-a93e-f4bc7becd448','LaurettaSchowalter0758@dorustree.com','Lauretta','Schowalter','48767ba4-a9a2-4c0b-9ce9-cf0c53e8e45e','72b11cec-0080-496a-a3a9-92494007befb'),
	 ('8f8fd271-cf2b-49dc-b52e-f823a1f91b63','DeannaPowlowski9992@fabbox.com','Deanna','Powlowski','8cf87de5-574d-44ab-bf7f-25dec35cca73','b501cfdc-ea0b-4659-b6d5-0449467a9ca0'),
	 ('8fb00084-4c36-4188-8510-6817c05450d1','MarianUllrich0198@fabbox.com','Marian','Ullrich','48767ba4-a9a2-4c0b-9ce9-cf0c53e8e45e','5ce3bbc1-6561-4c71-aa33-382692322b40'),
	 ('8fc7fc49-fe56-4867-9bbd-da23f9acef8f','WarrenKilback8815@10decoders.com','Warren','Kilback','8cf87de5-574d-44ab-bf7f-25dec35cca73','983b41a6-f1b6-4309-87df-5bfd2048392f'),
	 ('9235d00c-7f5d-4546-a98a-87a0bd22aeaa','RaeganHoppe2877@dorustree.com','Raegan','Hoppe','48767ba4-a9a2-4c0b-9ce9-cf0c53e8e45e','983b41a6-f1b6-4309-87df-5bfd2048392f'),
	 ('92ef4fea-dd61-48f0-94f3-24d8cca347b3','DariusStark2343@fabbox.com','Darius','Stark','8cf87de5-574d-44ab-bf7f-25dec35cca73','72b11cec-0080-496a-a3a9-92494007befb');
INSERT INTO employee(id,email,first_name,last_name,company_id,status_id) VALUES
	 ('9366d659-eb7f-41f3-a657-fb5eae940bd7','TristonOndricka3384@dorustree.com','Triston','Ondricka','8cf87de5-574d-44ab-bf7f-25dec35cca73','b501cfdc-ea0b-4659-b6d5-0449467a9ca0'),
	 ('93b4ed2d-eca0-458f-9c4d-1f8c5841eb11','MandySimonis7600@dorustree.com','Mandy','Simonis','48767ba4-a9a2-4c0b-9ce9-cf0c53e8e45e','72b11cec-0080-496a-a3a9-92494007befb'),
	 ('94f67fcc-bf85-48fe-8da5-e66acbd8f8f9','ClaudCassin0463@fabbox.com','Claud','Cassin','48767ba4-a9a2-4c0b-9ce9-cf0c53e8e45e','b501cfdc-ea0b-4659-b6d5-0449467a9ca0'),
	 ('95e6e0e7-e2f3-42cc-929c-f56cefa58f54','HershelJacobi2901@dorustree.com','Hershel','Jacobi','8cf87de5-574d-44ab-bf7f-25dec35cca73','5ce3bbc1-6561-4c71-aa33-382692322b40'),
	 ('95f85eb7-f55d-491f-8821-ff9c34d42a7e','HaskellKoepp6187@fabbox.com','Haskell','Koepp','48767ba4-a9a2-4c0b-9ce9-cf0c53e8e45e','5ce3bbc1-6561-4c71-aa33-382692322b40'),
	 ('98d05d3b-5530-4b68-8d29-e1073871503c','AmelyOberbrunner3284@dorustree.com','Amely','Oberbrunner','48767ba4-a9a2-4c0b-9ce9-cf0c53e8e45e','5ce3bbc1-6561-4c71-aa33-382692322b40'),
	 ('98d7afa6-9b15-4be2-bc86-80908a8c8df3','AryannaO''Conner2203@dorustree.com','Aryanna','O''Conner','48767ba4-a9a2-4c0b-9ce9-cf0c53e8e45e','b501cfdc-ea0b-4659-b6d5-0449467a9ca0'),
	 ('9a934c28-8d52-44c1-8f81-bb784c808bfa','SisterDurgan6668@10decoders.com','Sister','Durgan','8cf87de5-574d-44ab-bf7f-25dec35cca73','b501cfdc-ea0b-4659-b6d5-0449467a9ca0'),
	 ('9c53730b-64a9-4188-af44-d64dcdfef457','ThoraHaley6583@fabbox.com','Thora','Haley','48767ba4-a9a2-4c0b-9ce9-cf0c53e8e45e','72b11cec-0080-496a-a3a9-92494007befb'),
	 ('9cb4e349-cb1f-4baf-8215-0c896bdfc57f','MagnusJohnson9937@10decoders.com','Magnus','Johnson','8cf87de5-574d-44ab-bf7f-25dec35cca73','983b41a6-f1b6-4309-87df-5bfd2048392f');
INSERT INTO employee(id,email,first_name,last_name,company_id,status_id) VALUES
	 ('9d74c92d-2406-4bc2-80a1-bcac3614d248','OsvaldoPfannerstill1002@dorustree.com','Osvaldo','Pfannerstill','48767ba4-a9a2-4c0b-9ce9-cf0c53e8e45e','983b41a6-f1b6-4309-87df-5bfd2048392f'),
	 ('9e120579-c846-49ea-ad13-e4fb53d09965','NatashaEffertz8580@dorustree.com','Natasha','Effertz','8cf87de5-574d-44ab-bf7f-25dec35cca73','983b41a6-f1b6-4309-87df-5bfd2048392f'),
	 ('9e4d28ec-c310-4496-92e0-99183fe54a34','CeliaSenger9112@dorustree.com','Celia','Senger','48767ba4-a9a2-4c0b-9ce9-cf0c53e8e45e','b501cfdc-ea0b-4659-b6d5-0449467a9ca0'),
	 ('9f2ed43a-b6c9-4935-b760-052e07eeabc7','SalmaHermiston3495@10decoders.com','Salma','Hermiston','48767ba4-a9a2-4c0b-9ce9-cf0c53e8e45e','b501cfdc-ea0b-4659-b6d5-0449467a9ca0'),
	 ('a0282692-27bc-49fa-b560-7df5e9b9f1ac','MelisaMorissette3964@dorustree.com','Melisa','Morissette','48767ba4-a9a2-4c0b-9ce9-cf0c53e8e45e','72b11cec-0080-496a-a3a9-92494007befb'),
	 ('a12d9cc3-dba3-40bb-bfd4-5852d4992ba7','CameronKiehn2888@dorustree.com','Cameron','Kiehn','8cf87de5-574d-44ab-bf7f-25dec35cca73','983b41a6-f1b6-4309-87df-5bfd2048392f'),
	 ('a15f5b54-aea1-4b45-a299-848b61799188','GwenWard2865@fabbox.com','Gwen','Ward','48767ba4-a9a2-4c0b-9ce9-cf0c53e8e45e','5ce3bbc1-6561-4c71-aa33-382692322b40'),
	 ('a18c893e-ba31-4725-8e6e-0949469e89e0','MicaelaBatz4035@fabbox.com','Micaela','Batz','48767ba4-a9a2-4c0b-9ce9-cf0c53e8e45e','5ce3bbc1-6561-4c71-aa33-382692322b40'),
	 ('a38eb1c0-5c49-4ec5-ad64-a70ad6a0b835','EthelKautzer9161@10decoders.com','Ethel','Kautzer','8cf87de5-574d-44ab-bf7f-25dec35cca73','5ce3bbc1-6561-4c71-aa33-382692322b40'),
	 ('a38fc311-02c4-43a3-859b-e2bcc007bb91','JackieFisher3091@10decoders.com','Jackie','Fisher','8cf87de5-574d-44ab-bf7f-25dec35cca73','983b41a6-f1b6-4309-87df-5bfd2048392f');
INSERT INTO employee(id,email,first_name,last_name,company_id,status_id) VALUES
	 ('a3e4230f-c553-4a96-9790-c0ac7b00bdeb','AustynChamplin0370@dorustree.com','Austyn','Champlin','8cf87de5-574d-44ab-bf7f-25dec35cca73','b501cfdc-ea0b-4659-b6d5-0449467a9ca0'),
	 ('a3e94b08-1ec3-401a-9238-69a6d667b0d8','HeidiHodkiewicz4146@dorustree.com','Heidi','Hodkiewicz','8cf87de5-574d-44ab-bf7f-25dec35cca73','72b11cec-0080-496a-a3a9-92494007befb'),
	 ('a708e7e4-8dd5-40d5-b133-e05332a220fa','PeterTillman7475@10decoders.com','Peter','Tillman','48767ba4-a9a2-4c0b-9ce9-cf0c53e8e45e','b501cfdc-ea0b-4659-b6d5-0449467a9ca0'),
	 ('a716d7fd-d109-4b06-926e-325b43875222','EdgarJohnston1535@10decoders.com','Edgar','Johnston','8cf87de5-574d-44ab-bf7f-25dec35cca73','983b41a6-f1b6-4309-87df-5bfd2048392f'),
	 ('aa7bb04c-bc8a-4885-bc6d-19cdb9da145e','DovieMetz8818@dorustree.com','Dovie','Metz','8cf87de5-574d-44ab-bf7f-25dec35cca73','5ce3bbc1-6561-4c71-aa33-382692322b40'),
	 ('acc7cd95-d75e-4206-91ff-b6e472552838','AmyaSchaden9004@fabbox.com','Amya','Schaden','48767ba4-a9a2-4c0b-9ce9-cf0c53e8e45e','72b11cec-0080-496a-a3a9-92494007befb'),
	 ('ae8d8f08-b9e8-4499-a5f8-bb99a9a91876','VickyKautzer2022@dorustree.com','Vicky','Kautzer','8cf87de5-574d-44ab-bf7f-25dec35cca73','b501cfdc-ea0b-4659-b6d5-0449467a9ca0'),
	 ('afbcf803-1953-42fb-bff3-ee64141a7c65','MerlShields3076@dorustree.com','Merl','Shields','48767ba4-a9a2-4c0b-9ce9-cf0c53e8e45e','5ce3bbc1-6561-4c71-aa33-382692322b40'),
	 ('b044f263-d335-427a-b1aa-0097168bc53c','PabloArmstrong3849@10decoders.com','Pablo','Armstrong','8cf87de5-574d-44ab-bf7f-25dec35cca73','72b11cec-0080-496a-a3a9-92494007befb'),
	 ('b08f5977-1421-4481-b141-d244844e6b70','MazieRowe9445@10decoders.com','Mazie','Rowe','8cf87de5-574d-44ab-bf7f-25dec35cca73','b501cfdc-ea0b-4659-b6d5-0449467a9ca0');
INSERT INTO employee(id,email,first_name,last_name,company_id,status_id) VALUES
	 ('b2eb40c1-9d3f-4c77-b270-dfa9975c25e9','HenrietteKing4461@10decoders.com','Henriette','King','48767ba4-a9a2-4c0b-9ce9-cf0c53e8e45e','983b41a6-f1b6-4309-87df-5bfd2048392f'),
	 ('b44ac30d-0e13-4c8f-bb41-229e04fe99ce','IsabelleRau9160@10decoders.com','Isabelle','Rau','48767ba4-a9a2-4c0b-9ce9-cf0c53e8e45e','b501cfdc-ea0b-4659-b6d5-0449467a9ca0'),
	 ('b71ce705-9111-4bf4-be8d-5f2503927da1','KaceyBosco6200@fabbox.com','Kacey','Bosco','8cf87de5-574d-44ab-bf7f-25dec35cca73','72b11cec-0080-496a-a3a9-92494007befb'),
	 ('b775bfec-da41-4a0a-aa15-8b0468083fb2','CharlotteTillman9106@fabbox.com','Charlotte','Tillman','8cf87de5-574d-44ab-bf7f-25dec35cca73','b501cfdc-ea0b-4659-b6d5-0449467a9ca0'),
	 ('b84549e5-3cb3-4ce7-acbb-17b38f255332','MilesGlover9817@fabbox.com','Miles','Glover','48767ba4-a9a2-4c0b-9ce9-cf0c53e8e45e','72b11cec-0080-496a-a3a9-92494007befb'),
	 ('b95ad97a-f710-4766-b399-cbddd2a4d0b3','GraceRath8492@fabbox.com','Grace','Rath','8cf87de5-574d-44ab-bf7f-25dec35cca73','b501cfdc-ea0b-4659-b6d5-0449467a9ca0'),
	 ('bbb1ae75-b88f-49e6-aa19-938467ea8ffe','UrielCole1859@dorustree.com','Uriel','Cole','8cf87de5-574d-44ab-bf7f-25dec35cca73','72b11cec-0080-496a-a3a9-92494007befb'),
	 ('bda057d4-d5e3-470e-b3a6-4894ddb1ddb1','OnieSchmidt0744@10decoders.com','Onie','Schmidt','8cf87de5-574d-44ab-bf7f-25dec35cca73','983b41a6-f1b6-4309-87df-5bfd2048392f'),
	 ('bddc7390-29c0-4e2c-b67f-3fd0f80a6fb0','ElwinCollins2940@fabbox.com','Elwin','Collins','8cf87de5-574d-44ab-bf7f-25dec35cca73','983b41a6-f1b6-4309-87df-5bfd2048392f'),
	 ('be90e313-c031-45b2-8dc4-4e7e07881cac','BillyFay7054@fabbox.com','Billy','Fay','48767ba4-a9a2-4c0b-9ce9-cf0c53e8e45e','5ce3bbc1-6561-4c71-aa33-382692322b40');
INSERT INTO employee(id,email,first_name,last_name,company_id,status_id) VALUES
	 ('bf5c6cd9-9471-4251-8083-2170efc1c7b0','DeondreWyman3143@fabbox.com','Deondre','Wyman','8cf87de5-574d-44ab-bf7f-25dec35cca73','72b11cec-0080-496a-a3a9-92494007befb'),
	 ('bfbe5fee-165c-4bf5-92c6-e322738f879a','MeggieBerge9966@fabbox.com','Meggie','Berge','8cf87de5-574d-44ab-bf7f-25dec35cca73','5ce3bbc1-6561-4c71-aa33-382692322b40'),
	 ('c192c3b6-36ba-40c5-83f9-48e1f223e350','GregoryStreich2862@10decoders.com','Gregory','Streich','8cf87de5-574d-44ab-bf7f-25dec35cca73','5ce3bbc1-6561-4c71-aa33-382692322b40'),
	 ('c417faa7-10dd-4ac1-a17b-6c454a60bead','SalmaWeissnat3663@fabbox.com','Salma','Weissnat','48767ba4-a9a2-4c0b-9ce9-cf0c53e8e45e','983b41a6-f1b6-4309-87df-5bfd2048392f'),
	 ('c7414397-56a0-435e-825f-efd932a6098f','MonroeFritsch2770@10decoders.com','Monroe','Fritsch','48767ba4-a9a2-4c0b-9ce9-cf0c53e8e45e','72b11cec-0080-496a-a3a9-92494007befb'),
	 ('c8a018ba-e095-4ac4-bae0-a2f3a8a6c398','IsabellaMcClure5655@dorustree.com','Isabella','McClure','8cf87de5-574d-44ab-bf7f-25dec35cca73','5ce3bbc1-6561-4c71-aa33-382692322b40'),
	 ('ca853067-b364-45f9-a7a0-0f7ebfd387c8','AnabelleHarvey0443@dorustree.com','Anabelle','Harvey','8cf87de5-574d-44ab-bf7f-25dec35cca73','983b41a6-f1b6-4309-87df-5bfd2048392f'),
	 ('ccaff165-d515-4c63-9962-23bb040bbd6a','RudyHagenes9926@10decoders.com','Rudy','Hagenes','8cf87de5-574d-44ab-bf7f-25dec35cca73','5ce3bbc1-6561-4c71-aa33-382692322b40'),
	 ('ccb6a110-0d0d-49ab-b57c-7061b6114c66','EdBoyle7291@10decoders.com','Ed','Boyle','48767ba4-a9a2-4c0b-9ce9-cf0c53e8e45e','b501cfdc-ea0b-4659-b6d5-0449467a9ca0'),
	 ('ccc1043b-cad8-42c4-bcc3-d98faa4d63fa','MelynaHeathcote2487@fabbox.com','Melyna','Heathcote','8cf87de5-574d-44ab-bf7f-25dec35cca73','983b41a6-f1b6-4309-87df-5bfd2048392f');
INSERT INTO employee(id,email,first_name,last_name,company_id,status_id) VALUES
	 ('cd4fc352-df06-4eed-9eb6-4745f8ee89c9','MargaritaMitchell7073@10decoders.com','Margarita','Mitchell','48767ba4-a9a2-4c0b-9ce9-cf0c53e8e45e','983b41a6-f1b6-4309-87df-5bfd2048392f'),
	 ('ce1ea329-001a-4e3e-a743-323e1610bff3','MadelynSatterfield7761@fabbox.com','Madelyn','Satterfield','8cf87de5-574d-44ab-bf7f-25dec35cca73','5ce3bbc1-6561-4c71-aa33-382692322b40'),
	 ('cf0a1b6b-6509-4e22-b011-9fa74e5cd180','HilmaBayer3521@dorustree.com','Hilma','Bayer','48767ba4-a9a2-4c0b-9ce9-cf0c53e8e45e','5ce3bbc1-6561-4c71-aa33-382692322b40'),
	 ('d2bda929-62b2-4922-871a-3b79e573791a','AidenPurdy4321@10decoders.com','Aiden','Purdy','48767ba4-a9a2-4c0b-9ce9-cf0c53e8e45e','b501cfdc-ea0b-4659-b6d5-0449467a9ca0'),
	 ('d2db883a-aa1f-434e-9c25-bbb1b5a68310','VellaOlson4876@dorustree.com','Vella','Olson','48767ba4-a9a2-4c0b-9ce9-cf0c53e8e45e','5ce3bbc1-6561-4c71-aa33-382692322b40'),
	 ('d384d203-b6dc-4dd6-91e3-a535f288779f','WilbertWilliamson4844@10decoders.com','Wilbert','Williamson','48767ba4-a9a2-4c0b-9ce9-cf0c53e8e45e','5ce3bbc1-6561-4c71-aa33-382692322b40'),
	 ('d504d2fc-6871-415e-9d8c-a5a4772438e3','OrvalAnderson0545@10decoders.com','Orval','Anderson','48767ba4-a9a2-4c0b-9ce9-cf0c53e8e45e','983b41a6-f1b6-4309-87df-5bfd2048392f'),
	 ('d530adc8-03b7-46fa-8235-4bd6dec395e9','HopeKreiger0937@fabbox.com','Hope','Kreiger','8cf87de5-574d-44ab-bf7f-25dec35cca73','72b11cec-0080-496a-a3a9-92494007befb'),
	 ('d63dc932-729d-4483-ac16-b71b6de72b62','ZacheryConn2408@10decoders.com','Zachery','Conn','48767ba4-a9a2-4c0b-9ce9-cf0c53e8e45e','5ce3bbc1-6561-4c71-aa33-382692322b40'),
	 ('d8914f49-340f-4132-a3c4-d2d9785b5a1d','AdelbertConsidine6370@dorustree.com','Adelbert','Considine','8cf87de5-574d-44ab-bf7f-25dec35cca73','983b41a6-f1b6-4309-87df-5bfd2048392f');
INSERT INTO employee(id,email,first_name,last_name,company_id,status_id) VALUES
	 ('da445f34-bfd2-4a44-8f40-c06747cd5f42','CadeKeebler9494@10decoders.com','Cade','Keebler','48767ba4-a9a2-4c0b-9ce9-cf0c53e8e45e','72b11cec-0080-496a-a3a9-92494007befb'),
	 ('db04749e-9e88-473d-ba18-9e04423be710','AidenCummerata3369@dorustree.com','Aiden','Cummerata','48767ba4-a9a2-4c0b-9ce9-cf0c53e8e45e','983b41a6-f1b6-4309-87df-5bfd2048392f'),
	 ('dfda89b7-3426-49c7-9726-132030d126a3','ValentineAufderhar4092@10decoders.com','Valentine','Aufderhar','8cf87de5-574d-44ab-bf7f-25dec35cca73','72b11cec-0080-496a-a3a9-92494007befb'),
	 ('e07fc2c5-6eb0-4574-bd79-e5b0db0a89aa','AlexBotsford2401@dorustree.com','Alex','Botsford','8cf87de5-574d-44ab-bf7f-25dec35cca73','983b41a6-f1b6-4309-87df-5bfd2048392f'),
	 ('e1c2ba5c-dd01-4fad-bc86-6c8c8270ccc1','YasminMitchell7720@fabbox.com','Yasmin','Mitchell','8cf87de5-574d-44ab-bf7f-25dec35cca73','983b41a6-f1b6-4309-87df-5bfd2048392f'),
	 ('e465e08e-250d-43c5-bf1d-37508f3c8ede','ArchCummerata1512@dorustree.com','Arch','Cummerata','8cf87de5-574d-44ab-bf7f-25dec35cca73','5ce3bbc1-6561-4c71-aa33-382692322b40'),
	 ('e4e67b5e-0a62-44f4-b626-6fe72df4ffff','HildaWindler1153@fabbox.com','Hilda','Windler','48767ba4-a9a2-4c0b-9ce9-cf0c53e8e45e','5ce3bbc1-6561-4c71-aa33-382692322b40'),
	 ('e676ecd0-bacf-4da3-9590-42fb869b69cb','VelvaDaugherty4255@fabbox.com','Velva','Daugherty','8cf87de5-574d-44ab-bf7f-25dec35cca73','72b11cec-0080-496a-a3a9-92494007befb'),
	 ('e89ae5ff-749d-4f36-96e8-41904d28e345','LedaTorphy6664@fabbox.com','Leda','Torphy','48767ba4-a9a2-4c0b-9ce9-cf0c53e8e45e','b501cfdc-ea0b-4659-b6d5-0449467a9ca0'),
	 ('e937c759-c372-4dec-98e5-3e50511f6d4f','LennyBatz0207@fabbox.com','Lenny','Batz','8cf87de5-574d-44ab-bf7f-25dec35cca73','b501cfdc-ea0b-4659-b6d5-0449467a9ca0');
INSERT INTO employee(id,email,first_name,last_name,company_id,status_id) VALUES
	 ('01a72973-cb1e-435b-a589-d4578e2cef74','ClayStoltenberg5402@fabbox.com','Clay','Stoltenberg','48767ba4-a9a2-4c0b-9ce9-cf0c53e8e45e','b501cfdc-ea0b-4659-b6d5-0449467a9ca0'),
	 ('02a60bae-cdec-4e30-8f97-d1a193e0ef04','LowellWhite3062@10decoders.com','Lowell','White','8cf87de5-574d-44ab-bf7f-25dec35cca73','983b41a6-f1b6-4309-87df-5bfd2048392f'),
	 ('02c5530f-5e4b-4497-939c-99e719f462f2','FrederikRobel0040@dorustree.com','Frederik','Robel','8cf87de5-574d-44ab-bf7f-25dec35cca73','72b11cec-0080-496a-a3a9-92494007befb'),
	 ('03049a4d-0494-4adf-a359-32c8ccfb72e5','AbbiePredovic0509@dorustree.com','Abbie','Predovic','48767ba4-a9a2-4c0b-9ce9-cf0c53e8e45e','b501cfdc-ea0b-4659-b6d5-0449467a9ca0'),
	 ('032590c7-92de-4219-ac5b-e6fbbb72f68e','ClementineHilpert4474@10decoders.com','Clementine','Hilpert','8cf87de5-574d-44ab-bf7f-25dec35cca73','b501cfdc-ea0b-4659-b6d5-0449467a9ca0'),
	 ('04fd4f22-f753-41a8-8132-a052ec7ea333','GiovaniWeissnat1323@dorustree.com','Giovani','Weissnat','48767ba4-a9a2-4c0b-9ce9-cf0c53e8e45e','72b11cec-0080-496a-a3a9-92494007befb'),
	 ('051416e9-f6fd-4ac4-88a9-24b3cf1cbfa0','RonaldoMarquardt2122@dorustree.com','Ronaldo','Marquardt','8cf87de5-574d-44ab-bf7f-25dec35cca73','b501cfdc-ea0b-4659-b6d5-0449467a9ca0'),
	 ('05dcae22-bfb7-46ef-9f56-65372b2059b2','NoraBergnaum8364@10decoders.com','Nora','Bergnaum','48767ba4-a9a2-4c0b-9ce9-cf0c53e8e45e','5ce3bbc1-6561-4c71-aa33-382692322b40'),
	 ('0710d634-f7bc-43d0-b01f-81de12445558','CyrilThiel4013@dorustree.com','Cyril','Thiel','8cf87de5-574d-44ab-bf7f-25dec35cca73','72b11cec-0080-496a-a3a9-92494007befb'),
	 ('0986f707-bd18-44c1-af35-abafef42e6da','TreEmmerich8318@fabbox.com','Tre','Emmerich','8cf87de5-574d-44ab-bf7f-25dec35cca73','72b11cec-0080-496a-a3a9-92494007befb');
INSERT INTO employee(id,email,first_name,last_name,company_id,status_id) VALUES
	 ('0ad2b80f-4290-4398-92d8-17a61e65365f','JackelineWintheiser1162@dorustree.com','Jackeline','Wintheiser','48767ba4-a9a2-4c0b-9ce9-cf0c53e8e45e','5ce3bbc1-6561-4c71-aa33-382692322b40'),
	 ('0b1e6915-f1b4-4230-9220-b8f6acadf050','DarrickHerzog7226@fabbox.com','Darrick','Herzog','48767ba4-a9a2-4c0b-9ce9-cf0c53e8e45e','b501cfdc-ea0b-4659-b6d5-0449467a9ca0'),
	 ('0b6b1818-06d7-4748-b2e6-49e782102268','MollyAnkunding5327@10decoders.com','Molly','Ankunding','8cf87de5-574d-44ab-bf7f-25dec35cca73','72b11cec-0080-496a-a3a9-92494007befb'),
	 ('0dd1f829-dc7a-4a12-ac81-5b89a1a188ee','MadgeMarquardt2949@10decoders.com','Madge','Marquardt','8cf87de5-574d-44ab-bf7f-25dec35cca73','5ce3bbc1-6561-4c71-aa33-382692322b40'),
	 ('0e67b4b2-c0ea-48c2-9332-c78d8b776f70','IanBrekke9458@dorustree.com','Ian','Brekke','48767ba4-a9a2-4c0b-9ce9-cf0c53e8e45e','b501cfdc-ea0b-4659-b6d5-0449467a9ca0'),
	 ('0f6aebf9-22a6-4d66-8e2b-b3313b0b9056','BradfordGibson8983@fabbox.com','Bradford','Gibson','8cf87de5-574d-44ab-bf7f-25dec35cca73','b501cfdc-ea0b-4659-b6d5-0449467a9ca0'),
	 ('12c2cfe7-3ce8-4819-8abb-c45e52b03a28','ElfriedaJaskolski4581@dorustree.com','Elfrieda','Jaskolski','8cf87de5-574d-44ab-bf7f-25dec35cca73','983b41a6-f1b6-4309-87df-5bfd2048392f'),
	 ('141e18b4-c7f0-41a9-a0f8-27f23ea34bd6','AlvisMosciski5423@dorustree.com','Alvis','Mosciski','8cf87de5-574d-44ab-bf7f-25dec35cca73','983b41a6-f1b6-4309-87df-5bfd2048392f'),
	 ('1432a78f-da0c-4643-ba00-dbf265e9f21d','OceaneWyman7435@fabbox.com','Oceane','Wyman','8cf87de5-574d-44ab-bf7f-25dec35cca73','b501cfdc-ea0b-4659-b6d5-0449467a9ca0'),
	 ('14f5e0d9-2227-40a2-9aa6-b7182018d466','ClareMayert4758@dorustree.com','Clare','Mayert','8cf87de5-574d-44ab-bf7f-25dec35cca73','5ce3bbc1-6561-4c71-aa33-382692322b40');
INSERT INTO employee(id,email,first_name,last_name,company_id,status_id) VALUES
	 ('153fc99d-a3b8-406e-87a3-8745b4912152','JuliusSwaniawski7683@fabbox.com','Julius','Swaniawski','8cf87de5-574d-44ab-bf7f-25dec35cca73','72b11cec-0080-496a-a3a9-92494007befb'),
	 ('16a629be-9647-44ef-a981-298d7b691b8c','TysonKrajcik8498@dorustree.com','Tyson','Krajcik','48767ba4-a9a2-4c0b-9ce9-cf0c53e8e45e','72b11cec-0080-496a-a3a9-92494007befb'),
	 ('17243509-ad62-42a2-871d-2487fb5084d6','JeromeHarris5553@dorustree.com','Jerome','Harris','48767ba4-a9a2-4c0b-9ce9-cf0c53e8e45e','72b11cec-0080-496a-a3a9-92494007befb'),
	 ('17b8ce19-0a64-4f4a-b6a1-0f320063bbfa','LouieJohnston7014@dorustree.com','Louie','Johnston','48767ba4-a9a2-4c0b-9ce9-cf0c53e8e45e','5ce3bbc1-6561-4c71-aa33-382692322b40'),
	 ('1c41528e-ba17-4233-be5c-53bdae7235b4','TravisHamill6071@10decoders.com','Travis','Hamill','48767ba4-a9a2-4c0b-9ce9-cf0c53e8e45e','983b41a6-f1b6-4309-87df-5bfd2048392f'),
	 ('1cba73d3-ec7a-4f9a-bce9-e3338896894f','IsabelKris4792@10decoders.com','Isabel','Kris','8cf87de5-574d-44ab-bf7f-25dec35cca73','b501cfdc-ea0b-4659-b6d5-0449467a9ca0'),
	 ('1cd39ad7-c6e8-438e-b070-e6340dc9074e','KaleyAbbott4653@10decoders.com','Kaley','Abbott','8cf87de5-574d-44ab-bf7f-25dec35cca73','72b11cec-0080-496a-a3a9-92494007befb'),
	 ('1d4caa47-fe2c-4f4a-95dc-4de7e22d4979','QuinnLakin6957@fabbox.com','Quinn','Lakin','48767ba4-a9a2-4c0b-9ce9-cf0c53e8e45e','5ce3bbc1-6561-4c71-aa33-382692322b40'),
	 ('1f890bb5-809f-44ed-afb1-32a9e3c077cd','AnaHudson6332@dorustree.com','Ana','Hudson','8cf87de5-574d-44ab-bf7f-25dec35cca73','5ce3bbc1-6561-4c71-aa33-382692322b40'),
	 ('20088d15-615c-4ec8-9b44-203e8ba9ced2','GideonHeidenreich3172@fabbox.com','Gideon','Heidenreich','48767ba4-a9a2-4c0b-9ce9-cf0c53e8e45e','72b11cec-0080-496a-a3a9-92494007befb');
INSERT INTO employee(id,email,first_name,last_name,company_id,status_id) VALUES
	 ('20a0855e-5ddc-4da8-a40e-18f593ebba17','ZettaKuvalis7812@10decoders.com','Zetta','Kuvalis','8cf87de5-574d-44ab-bf7f-25dec35cca73','983b41a6-f1b6-4309-87df-5bfd2048392f'),
	 ('21454c88-b8a9-4f4d-92d2-745dfd99e4b9','MicaelaRodriguez8946@10decoders.com','Micaela','Rodriguez','8cf87de5-574d-44ab-bf7f-25dec35cca73','5ce3bbc1-6561-4c71-aa33-382692322b40'),
	 ('22cdeff1-c8ee-4bb7-aa10-591420b6cf04','JaylenBartell5171@10decoders.com','Jaylen','Bartell','48767ba4-a9a2-4c0b-9ce9-cf0c53e8e45e','b501cfdc-ea0b-4659-b6d5-0449467a9ca0'),
	 ('238a015e-4358-4534-aeed-30217048df8c','RaeBeahan7561@fabbox.com','Rae','Beahan','48767ba4-a9a2-4c0b-9ce9-cf0c53e8e45e','983b41a6-f1b6-4309-87df-5bfd2048392f'),
	 ('260f660f-74b8-48bc-a6df-3e76fa4be145','BlairBartoletti9026@fabbox.com','Blair','Bartoletti','8cf87de5-574d-44ab-bf7f-25dec35cca73','72b11cec-0080-496a-a3a9-92494007befb'),
	 ('2a875832-2054-4277-9b64-bab09a4ac6ed','SydneeJacobson8277@10decoders.com','Sydnee','Jacobson','8cf87de5-574d-44ab-bf7f-25dec35cca73','983b41a6-f1b6-4309-87df-5bfd2048392f'),
	 ('2bc05774-3a06-47b0-b00c-270ed49640b7','IzaiahStroman3242@fabbox.com','Izaiah','Stroman','8cf87de5-574d-44ab-bf7f-25dec35cca73','b501cfdc-ea0b-4659-b6d5-0449467a9ca0'),
	 ('30256933-a541-4530-b167-9c4a42dd1fdc','TyriqueSchamberger7372@fabbox.com','Tyrique','Schamberger','8cf87de5-574d-44ab-bf7f-25dec35cca73','72b11cec-0080-496a-a3a9-92494007befb'),
	 ('310d0e1c-f5e1-4eb4-9826-3d5578988c29','LaurineAbbott6927@dorustree.com','Laurine','Abbott','8cf87de5-574d-44ab-bf7f-25dec35cca73','72b11cec-0080-496a-a3a9-92494007befb'),
	 ('3348c746-5aef-47c2-9819-78740fe5d9f9','LenoraMueller4029@fabbox.com','Lenora','Mueller','8cf87de5-574d-44ab-bf7f-25dec35cca73','5ce3bbc1-6561-4c71-aa33-382692322b40');
INSERT INTO employee(id,email,first_name,last_name,company_id,status_id) VALUES
	 ('359d7e56-1d17-4fd7-8ddf-73b46518a364','EmmieSatterfield7174@10decoders.com','Emmie','Satterfield','8cf87de5-574d-44ab-bf7f-25dec35cca73','5ce3bbc1-6561-4c71-aa33-382692322b40'),
	 ('363efbe3-260c-478c-aae3-d9f84fc653a2','GerhardYundt9629@10decoders.com','Gerhard','Yundt','48767ba4-a9a2-4c0b-9ce9-cf0c53e8e45e','b501cfdc-ea0b-4659-b6d5-0449467a9ca0'),
	 ('36d3aebb-21c4-49fa-a4cf-cbc7f0bae0d6','MadonnaCrist9969@10decoders.com','Madonna','Crist','48767ba4-a9a2-4c0b-9ce9-cf0c53e8e45e','983b41a6-f1b6-4309-87df-5bfd2048392f'),
	 ('3a0cdb84-6395-408d-af37-437ac3e83a4c','LeoLang4137@dorustree.com','Leo','Lang','8cf87de5-574d-44ab-bf7f-25dec35cca73','b501cfdc-ea0b-4659-b6d5-0449467a9ca0'),
	 ('3b1c3dad-a513-4582-a0ab-7708388bf071','AudreanneHowell7851@10decoders.com','Audreanne','Howell','48767ba4-a9a2-4c0b-9ce9-cf0c53e8e45e','5ce3bbc1-6561-4c71-aa33-382692322b40'),
	 ('3d3381aa-aa7d-474d-aa5f-48d242ae70bf','BrooklynKing7787@dorustree.com','Brooklyn','King','8cf87de5-574d-44ab-bf7f-25dec35cca73','b501cfdc-ea0b-4659-b6d5-0449467a9ca0'),
	 ('3da38774-b12c-4982-ab48-58572909752b','BerniceMraz5132@dorustree.com','Bernice','Mraz','48767ba4-a9a2-4c0b-9ce9-cf0c53e8e45e','5ce3bbc1-6561-4c71-aa33-382692322b40'),
	 ('3e156a71-e055-4203-b5aa-0e0f87981c6c','TavaresCarter4405@fabbox.com','Tavares','Carter','48767ba4-a9a2-4c0b-9ce9-cf0c53e8e45e','5ce3bbc1-6561-4c71-aa33-382692322b40'),
	 ('40f71432-a24f-4819-b863-0f6260acd9b6','GonzaloWisoky3623@10decoders.com','Gonzalo','Wisoky','8cf87de5-574d-44ab-bf7f-25dec35cca73','b501cfdc-ea0b-4659-b6d5-0449467a9ca0'),
	 ('41033bde-4afa-4949-8442-d5f4fdbf5cd2','EddieBrekke2611@fabbox.com','Eddie','Brekke','8cf87de5-574d-44ab-bf7f-25dec35cca73','5ce3bbc1-6561-4c71-aa33-382692322b40');
INSERT INTO employee(id,email,first_name,last_name,company_id,status_id) VALUES
	 ('41a343e6-6566-47e1-bcf0-189dc1f969b0','DandreDeckow7483@10decoders.com','Dandre','Deckow','48767ba4-a9a2-4c0b-9ce9-cf0c53e8e45e','5ce3bbc1-6561-4c71-aa33-382692322b40'),
	 ('424f5166-8064-43ce-b255-737f53f3cf4d','NormaCrooks2847@10decoders.com','Norma','Crooks','8cf87de5-574d-44ab-bf7f-25dec35cca73','72b11cec-0080-496a-a3a9-92494007befb'),
	 ('4379f963-fbb6-4be1-8caa-efc8c007681c','ZellaJacobs1724@fabbox.com','Zella','Jacobs','48767ba4-a9a2-4c0b-9ce9-cf0c53e8e45e','983b41a6-f1b6-4309-87df-5bfd2048392f'),
	 ('44002054-f777-4d29-a6c9-55f479ee4783','ElijahWatsica0087@fabbox.com','Elijah','Watsica','8cf87de5-574d-44ab-bf7f-25dec35cca73','72b11cec-0080-496a-a3a9-92494007befb'),
	 ('4431bbf0-4f30-432d-9849-8688bc873241','JanelleGrady2451@fabbox.com','Janelle','Grady','48767ba4-a9a2-4c0b-9ce9-cf0c53e8e45e','72b11cec-0080-496a-a3a9-92494007befb'),
	 ('463d4e11-04ca-4eef-af75-7066e44d74c2','JeradHermiston4297@10decoders.com','Jerad','Hermiston','48767ba4-a9a2-4c0b-9ce9-cf0c53e8e45e','72b11cec-0080-496a-a3a9-92494007befb'),
	 ('46e4f896-cf0c-4367-a5e6-1ee88c89d765','ArdellaGutmann2794@dorustree.com','Ardella','Gutmann','48767ba4-a9a2-4c0b-9ce9-cf0c53e8e45e','5ce3bbc1-6561-4c71-aa33-382692322b40'),
	 ('49b1e0ae-a46a-4010-bc7c-f84b0e265c0d','JavierReichel2584@fabbox.com','Javier','Reichel','48767ba4-a9a2-4c0b-9ce9-cf0c53e8e45e','983b41a6-f1b6-4309-87df-5bfd2048392f'),
	 ('49c8472c-2a98-4969-a53c-1d80340edb8d','FlorencioKreiger0079@fabbox.com','Florencio','Kreiger','48767ba4-a9a2-4c0b-9ce9-cf0c53e8e45e','983b41a6-f1b6-4309-87df-5bfd2048392f'),
	 ('4b325c02-785a-45d5-bc59-ee1fb6bb52f0','JackyMonahan4597@10decoders.com','Jacky','Monahan','48767ba4-a9a2-4c0b-9ce9-cf0c53e8e45e','983b41a6-f1b6-4309-87df-5bfd2048392f');
INSERT INTO employee(id,email,first_name,last_name,company_id,status_id) VALUES
	 ('4c94e103-7359-45e2-8bf4-218b0f6b1343','KaitlynKiehn1628@fabbox.com','Kaitlyn','Kiehn','8cf87de5-574d-44ab-bf7f-25dec35cca73','983b41a6-f1b6-4309-87df-5bfd2048392f'),
	 ('510d7485-8910-4030-8331-24efa4ccb6b3','CierraKiehn6097@fabbox.com','Cierra','Kiehn','8cf87de5-574d-44ab-bf7f-25dec35cca73','5ce3bbc1-6561-4c71-aa33-382692322b40'),
	 ('517a7f27-ea87-416d-88c4-7541696f8fff','JuddMitchell3848@dorustree.com','Judd','Mitchell','48767ba4-a9a2-4c0b-9ce9-cf0c53e8e45e','72b11cec-0080-496a-a3a9-92494007befb'),
	 ('521ceb91-6d4c-40b2-a2b2-c3f9a8943050','OrieSchimmel7268@dorustree.com','Orie','Schimmel','48767ba4-a9a2-4c0b-9ce9-cf0c53e8e45e','983b41a6-f1b6-4309-87df-5bfd2048392f'),
	 ('53ae27a3-93d7-42b9-a292-b69cfae67378','EliezerYundt5734@fabbox.com','Eliezer','Yundt','48767ba4-a9a2-4c0b-9ce9-cf0c53e8e45e','5ce3bbc1-6561-4c71-aa33-382692322b40'),
	 ('55091b92-a071-47dd-b6c9-1a5962808129','GregorioBrekke0480@fabbox.com','Gregorio','Brekke','8cf87de5-574d-44ab-bf7f-25dec35cca73','5ce3bbc1-6561-4c71-aa33-382692322b40'),
	 ('5648145f-ca33-49f1-bef9-62fe6570aa7e','KirstenGoodwin1171@10decoders.com','Kirsten','Goodwin','48767ba4-a9a2-4c0b-9ce9-cf0c53e8e45e','983b41a6-f1b6-4309-87df-5bfd2048392f'),
	 ('5654b7fb-a2f5-451e-babc-c2aa83c29345','JammieLeffler1107@dorustree.com','Jammie','Leffler','48767ba4-a9a2-4c0b-9ce9-cf0c53e8e45e','5ce3bbc1-6561-4c71-aa33-382692322b40'),
	 ('56f301e9-cb12-4a35-8d30-e7523d44bd7e','EmilianoBartell7574@10decoders.com','Emiliano','Bartell','8cf87de5-574d-44ab-bf7f-25dec35cca73','72b11cec-0080-496a-a3a9-92494007befb'),
	 ('585def96-5cb5-42d6-b6ce-482d0fed5f75','AlizeTrantow8019@dorustree.com','Alize','Trantow','48767ba4-a9a2-4c0b-9ce9-cf0c53e8e45e','5ce3bbc1-6561-4c71-aa33-382692322b40');
INSERT INTO employee(id,email,first_name,last_name,company_id,status_id) VALUES
	 ('5897caca-16f8-494e-bb00-a89d13e418a2','DanykaNienow3564@dorustree.com','Danyka','Nienow','48767ba4-a9a2-4c0b-9ce9-cf0c53e8e45e','983b41a6-f1b6-4309-87df-5bfd2048392f'),
	 ('58e9c699-a11d-4418-a52c-e662ea233c59','AdalineBosco4582@dorustree.com','Adaline','Bosco','48767ba4-a9a2-4c0b-9ce9-cf0c53e8e45e','5ce3bbc1-6561-4c71-aa33-382692322b40'),
	 ('5d778a4b-4966-4299-a3e2-21c3d13f43af','AngusKessler1755@dorustree.com','Angus','Kessler','8cf87de5-574d-44ab-bf7f-25dec35cca73','b501cfdc-ea0b-4659-b6d5-0449467a9ca0'),
	 ('5d886adb-6b60-4ddf-9c8c-3222fde4cdee','MargotErdman9988@10decoders.com','Margot','Erdman','8cf87de5-574d-44ab-bf7f-25dec35cca73','5ce3bbc1-6561-4c71-aa33-382692322b40'),
	 ('5e52270d-09c6-403c-ac39-cfaab181b402','AddisonDaniel2126@fabbox.com','Addison','Daniel','48767ba4-a9a2-4c0b-9ce9-cf0c53e8e45e','5ce3bbc1-6561-4c71-aa33-382692322b40'),
	 ('5ea831a5-7d99-400e-8745-2cfcfc9f5260','ErnestCummings9179@dorustree.com','Ernest','Cummings','48767ba4-a9a2-4c0b-9ce9-cf0c53e8e45e','b501cfdc-ea0b-4659-b6d5-0449467a9ca0'),
	 ('5f6d54fe-1a5a-42e4-a417-ceadbc9107ff','NorrisReilly2162@fabbox.com','Norris','Reilly','48767ba4-a9a2-4c0b-9ce9-cf0c53e8e45e','b501cfdc-ea0b-4659-b6d5-0449467a9ca0'),
	 ('6013ee63-26fd-47f4-998f-e1647de42110','MadalineCronin6095@10decoders.com','Madaline','Cronin','8cf87de5-574d-44ab-bf7f-25dec35cca73','72b11cec-0080-496a-a3a9-92494007befb'),
	 ('60a6d789-88ff-41ad-8ea1-6daf14fc9920','DonWunsch6734@dorustree.com','Don','Wunsch','8cf87de5-574d-44ab-bf7f-25dec35cca73','983b41a6-f1b6-4309-87df-5bfd2048392f'),
	 ('6142f44a-2a1e-46bc-a6d7-9df07be41d18','OpheliaBrakus4561@10decoders.com','Ophelia','Brakus','48767ba4-a9a2-4c0b-9ce9-cf0c53e8e45e','72b11cec-0080-496a-a3a9-92494007befb');
INSERT INTO employee(id,email,first_name,last_name,company_id,status_id) VALUES
	 ('62d92461-5251-4b17-844a-2683a2942f88','CruzBogan3946@dorustree.com','Cruz','Bogan','48767ba4-a9a2-4c0b-9ce9-cf0c53e8e45e','5ce3bbc1-6561-4c71-aa33-382692322b40'),
	 ('6327593f-aabe-4288-aea4-cec2738c5f82','MadisynBarrows7944@dorustree.com','Madisyn','Barrows','48767ba4-a9a2-4c0b-9ce9-cf0c53e8e45e','72b11cec-0080-496a-a3a9-92494007befb'),
	 ('6381319a-25b8-453d-9155-b0bcdb963b27','FurmanStreich8554@fabbox.com','Furman','Streich','48767ba4-a9a2-4c0b-9ce9-cf0c53e8e45e','72b11cec-0080-496a-a3a9-92494007befb'),
	 ('656169b5-797c-41ad-9fc6-a2514847d10d','JaymeKuvalis8772@10decoders.com','Jayme','Kuvalis','8cf87de5-574d-44ab-bf7f-25dec35cca73','b501cfdc-ea0b-4659-b6d5-0449467a9ca0'),
	 ('66acf362-4150-4b93-9c51-27e866cc04c6','JulianaStreich8714@fabbox.com','Juliana','Streich','8cf87de5-574d-44ab-bf7f-25dec35cca73','b501cfdc-ea0b-4659-b6d5-0449467a9ca0'),
	 ('66df15a6-74b6-42be-a533-a10acc5fae9a','MaeveMiller4752@fabbox.com','Maeve','Miller','48767ba4-a9a2-4c0b-9ce9-cf0c53e8e45e','b501cfdc-ea0b-4659-b6d5-0449467a9ca0'),
	 ('6741a578-ba48-4889-993e-0f3c51810853','MuhammadAuer3267@fabbox.com','Muhammad','Auer','8cf87de5-574d-44ab-bf7f-25dec35cca73','72b11cec-0080-496a-a3a9-92494007befb'),
	 ('677c7803-c1fe-40c4-b979-c8b7dc533b6e','ElwynRussel5155@10decoders.com','Elwyn','Russel','48767ba4-a9a2-4c0b-9ce9-cf0c53e8e45e','b501cfdc-ea0b-4659-b6d5-0449467a9ca0'),
	 ('692476ef-3f1b-4a8c-8012-0607f8a33220','LizaRobel6231@dorustree.com','Liza','Robel','48767ba4-a9a2-4c0b-9ce9-cf0c53e8e45e','983b41a6-f1b6-4309-87df-5bfd2048392f'),
	 ('6a6b2167-7a20-496e-beb6-e54322d9f583','ErynNikolaus8472@dorustree.com','Eryn','Nikolaus','8cf87de5-574d-44ab-bf7f-25dec35cca73','5ce3bbc1-6561-4c71-aa33-382692322b40');
INSERT INTO employee(id,email,first_name,last_name,company_id,status_id) VALUES
	 ('6c57b603-fd83-4aef-bf3f-302d6b00f238','JaimeBruen8861@fabbox.com','Jaime','Bruen','48767ba4-a9a2-4c0b-9ce9-cf0c53e8e45e','b501cfdc-ea0b-4659-b6d5-0449467a9ca0'),
	 ('70c7eff4-3841-4460-b74a-32a0ba4f2d12','BeaulahKuphal8501@fabbox.com','Beaulah','Kuphal','48767ba4-a9a2-4c0b-9ce9-cf0c53e8e45e','5ce3bbc1-6561-4c71-aa33-382692322b40'),
	 ('72c1a5d1-4161-4735-90d3-88ef55355d93','TristianMcCullough0690@dorustree.com','Tristian','McCullough','48767ba4-a9a2-4c0b-9ce9-cf0c53e8e45e','983b41a6-f1b6-4309-87df-5bfd2048392f'),
	 ('72d12e5c-f768-4943-abb0-22fcfd61ee12','MireillePowlowski5881@fabbox.com','Mireille','Powlowski','48767ba4-a9a2-4c0b-9ce9-cf0c53e8e45e','5ce3bbc1-6561-4c71-aa33-382692322b40'),
	 ('732824ee-b7e1-48df-a880-4f013e320e47','KrystelCremin2445@dorustree.com','Krystel','Cremin','48767ba4-a9a2-4c0b-9ce9-cf0c53e8e45e','72b11cec-0080-496a-a3a9-92494007befb'),
	 ('734de4af-ea6b-4152-898a-5c63e9af03f1','MisaelSchroeder0775@fabbox.com','Misael','Schroeder','8cf87de5-574d-44ab-bf7f-25dec35cca73','b501cfdc-ea0b-4659-b6d5-0449467a9ca0'),
	 ('774b6cb3-7b89-4fac-a6dd-f2ca140e7c9d','WaltonAltenwerth3144@10decoders.com','Walton','Altenwerth','48767ba4-a9a2-4c0b-9ce9-cf0c53e8e45e','b501cfdc-ea0b-4659-b6d5-0449467a9ca0'),
	 ('786a4885-4ad4-49cf-8833-f8712334a57b','MaidaJones8242@10decoders.com','Maida','Jones','8cf87de5-574d-44ab-bf7f-25dec35cca73','b501cfdc-ea0b-4659-b6d5-0449467a9ca0'),
	 ('798c7018-cc5c-427c-8c82-3988ec225735','BrigitteZboncak2549@fabbox.com','Brigitte','Zboncak','8cf87de5-574d-44ab-bf7f-25dec35cca73','5ce3bbc1-6561-4c71-aa33-382692322b40'),
	 ('7a3076a0-bac7-4d89-a691-08c983c037b4','CarlieBlick5092@dorustree.com','Carlie','Blick','48767ba4-a9a2-4c0b-9ce9-cf0c53e8e45e','b501cfdc-ea0b-4659-b6d5-0449467a9ca0');
INSERT INTO employee(id,email,first_name,last_name,company_id,status_id) VALUES
	 ('7ab76f9e-7f12-452e-9503-fd29ab69df57','HortenseEffertz4794@dorustree.com','Hortense','Effertz','48767ba4-a9a2-4c0b-9ce9-cf0c53e8e45e','b501cfdc-ea0b-4659-b6d5-0449467a9ca0'),
	 ('7adabcdc-b53a-43c2-a464-da65b89ba438','AaronJaskolski4786@dorustree.com','Aaron','Jaskolski','8cf87de5-574d-44ab-bf7f-25dec35cca73','983b41a6-f1b6-4309-87df-5bfd2048392f'),
	 ('7b0cecde-9fd6-4a56-9242-58c0c8af413b','MertieZemlak8050@fabbox.com','Mertie','Zemlak','48767ba4-a9a2-4c0b-9ce9-cf0c53e8e45e','b501cfdc-ea0b-4659-b6d5-0449467a9ca0'),
	 ('7b10f21a-363c-4dce-80de-d0deb0e5d036','JayCruickshank0277@10decoders.com','Jay','Cruickshank','48767ba4-a9a2-4c0b-9ce9-cf0c53e8e45e','b501cfdc-ea0b-4659-b6d5-0449467a9ca0'),
	 ('7b63920d-50df-4e62-86a2-556edf6031f0','BereniceTremblay6511@10decoders.com','Berenice','Tremblay','48767ba4-a9a2-4c0b-9ce9-cf0c53e8e45e','5ce3bbc1-6561-4c71-aa33-382692322b40'),
	 ('7c5a5657-f95a-4c5d-9f9a-373da7405143','NormaGleichner1232@fabbox.com','Norma','Gleichner','48767ba4-a9a2-4c0b-9ce9-cf0c53e8e45e','5ce3bbc1-6561-4c71-aa33-382692322b40'),
	 ('7c6d7ade-1438-4d78-985c-1e519e929928','GrantBradtke0891@10decoders.com','Grant','Bradtke','48767ba4-a9a2-4c0b-9ce9-cf0c53e8e45e','983b41a6-f1b6-4309-87df-5bfd2048392f'),
	 ('7d0debd8-b83a-421f-8411-bc98e3ccf5a8','SydnieFrami9254@fabbox.com','Sydnie','Frami','48767ba4-a9a2-4c0b-9ce9-cf0c53e8e45e','983b41a6-f1b6-4309-87df-5bfd2048392f'),
	 ('7edb8fda-0827-4481-8715-a6446670a9cf','EmelyKoelpin5143@10decoders.com','Emely','Koelpin','8cf87de5-574d-44ab-bf7f-25dec35cca73','5ce3bbc1-6561-4c71-aa33-382692322b40'),
	 ('811b1852-ded2-41a3-8646-e20b9a2f389a','JoannyWolff7156@dorustree.com','Joanny','Wolff','48767ba4-a9a2-4c0b-9ce9-cf0c53e8e45e','983b41a6-f1b6-4309-87df-5bfd2048392f');
INSERT INTO employee(id,email,first_name,last_name,company_id,status_id) VALUES
	 ('81cf7a75-018f-4379-98fb-5a705bbd7759','KeeganSkiles0473@fabbox.com','Keegan','Skiles','8cf87de5-574d-44ab-bf7f-25dec35cca73','72b11cec-0080-496a-a3a9-92494007befb'),
	 ('81f7b841-c53e-4847-ab9f-db90f3301c9d','ZellaProsacco0362@fabbox.com','Zella','Prosacco','8cf87de5-574d-44ab-bf7f-25dec35cca73','b501cfdc-ea0b-4659-b6d5-0449467a9ca0'),
	 ('829a92c5-d370-4843-b14c-0054fa6d9d5a','ArmandGrant6396@10decoders.com','Armand','Grant','8cf87de5-574d-44ab-bf7f-25dec35cca73','5ce3bbc1-6561-4c71-aa33-382692322b40'),
	 ('87b05e5f-9541-4be2-a82d-5cfb4d2b6ad3','JaniceWalsh4812@10decoders.com','Janice','Walsh','8cf87de5-574d-44ab-bf7f-25dec35cca73','b501cfdc-ea0b-4659-b6d5-0449467a9ca0'),
	 ('8aedfa8b-6381-4fe3-a772-97e29426abee','MollieDavis6757@fabbox.com','Mollie','Davis','48767ba4-a9a2-4c0b-9ce9-cf0c53e8e45e','983b41a6-f1b6-4309-87df-5bfd2048392f'),
	 ('8aff857e-09df-404b-b832-44c6a08bf26e','AlleneMcGlynn0884@10decoders.com','Allene','McGlynn','48767ba4-a9a2-4c0b-9ce9-cf0c53e8e45e','5ce3bbc1-6561-4c71-aa33-382692322b40'),
	 ('8c71eb47-da5e-4694-b050-a386fb5743ab','RamonaBogisich2613@dorustree.com','Ramona','Bogisich','48767ba4-a9a2-4c0b-9ce9-cf0c53e8e45e','983b41a6-f1b6-4309-87df-5bfd2048392f'),
	 ('8c96e1e2-c4ff-444b-9259-119e73ecfe94','VernaRyan9526@10decoders.com','Verna','Ryan','48767ba4-a9a2-4c0b-9ce9-cf0c53e8e45e','983b41a6-f1b6-4309-87df-5bfd2048392f'),
	 ('8cdcb6f3-4e70-4f39-887a-cd08f68d02ed','ClaudieMuller1199@10decoders.com','Claudie','Muller','8cf87de5-574d-44ab-bf7f-25dec35cca73','b501cfdc-ea0b-4659-b6d5-0449467a9ca0'),
	 ('8cff8a38-42ac-44bd-83d6-19315ca548e8','ColbyCrona4367@10decoders.com','Colby','Crona','48767ba4-a9a2-4c0b-9ce9-cf0c53e8e45e','983b41a6-f1b6-4309-87df-5bfd2048392f');
INSERT INTO employee(id,email,first_name,last_name,company_id,status_id) VALUES
	 ('8ea582f5-eac8-45c4-bc89-6eff9c735967','HunterShanahan1379@10decoders.com','Hunter','Shanahan','48767ba4-a9a2-4c0b-9ce9-cf0c53e8e45e','5ce3bbc1-6561-4c71-aa33-382692322b40'),
	 ('8fb40a4f-cd38-4dca-af84-b692c7af3178','HudsonRyan7086@dorustree.com','Hudson','Ryan','48767ba4-a9a2-4c0b-9ce9-cf0c53e8e45e','72b11cec-0080-496a-a3a9-92494007befb'),
	 ('9158ec60-0efe-4445-9de1-9ca471ab883d','KaceyHansen0794@dorustree.com','Kacey','Hansen','8cf87de5-574d-44ab-bf7f-25dec35cca73','5ce3bbc1-6561-4c71-aa33-382692322b40'),
	 ('96313a47-4055-421a-8d9e-b35d4c48cc9b','ChristaKovacek3396@10decoders.com','Christa','Kovacek','48767ba4-a9a2-4c0b-9ce9-cf0c53e8e45e','b501cfdc-ea0b-4659-b6d5-0449467a9ca0'),
	 ('9644526c-b1f5-43eb-a5be-bb8e1acf7d1e','KatlynPagac7683@10decoders.com','Katlyn','Pagac','48767ba4-a9a2-4c0b-9ce9-cf0c53e8e45e','5ce3bbc1-6561-4c71-aa33-382692322b40'),
	 ('99e84311-8d05-4a10-9881-17443795ceb8','ArdenGreenfelder7028@fabbox.com','Arden','Greenfelder','8cf87de5-574d-44ab-bf7f-25dec35cca73','5ce3bbc1-6561-4c71-aa33-382692322b40'),
	 ('9a7773a6-41f1-46fd-8c48-8d48eb62c112','WeldonWiza4833@fabbox.com','Weldon','Wiza','48767ba4-a9a2-4c0b-9ce9-cf0c53e8e45e','b501cfdc-ea0b-4659-b6d5-0449467a9ca0'),
	 ('9bc588f8-9115-4a35-b091-60bfb2eaebb4','MorrisConsidine1890@10decoders.com','Morris','Considine','48767ba4-a9a2-4c0b-9ce9-cf0c53e8e45e','72b11cec-0080-496a-a3a9-92494007befb'),
	 ('9c014628-ad6d-404e-895c-8edd415c1a73','SunnySchinner0998@10decoders.com','Sunny','Schinner','48767ba4-a9a2-4c0b-9ce9-cf0c53e8e45e','5ce3bbc1-6561-4c71-aa33-382692322b40'),
	 ('9c014bd8-96ca-4dfd-9dc2-8f16a7bf119a','JohnsonHansen4197@dorustree.com','Johnson','Hansen','8cf87de5-574d-44ab-bf7f-25dec35cca73','5ce3bbc1-6561-4c71-aa33-382692322b40');
INSERT INTO employee(id,email,first_name,last_name,company_id,status_id) VALUES
	 ('9cdbec37-c154-44e7-a0c5-f9795828f97e','FrancescoHand0769@dorustree.com','Francesco','Hand','48767ba4-a9a2-4c0b-9ce9-cf0c53e8e45e','72b11cec-0080-496a-a3a9-92494007befb'),
	 ('9d9e09fc-e7bf-4bd7-b407-3818c9139985','TodWeimann3642@10decoders.com','Tod','Weimann','48767ba4-a9a2-4c0b-9ce9-cf0c53e8e45e','983b41a6-f1b6-4309-87df-5bfd2048392f'),
	 ('9f37d1b8-f481-4fc5-a93a-2cd66f8d4dfc','LexieKunde1147@dorustree.com','Lexie','Kunde','48767ba4-a9a2-4c0b-9ce9-cf0c53e8e45e','5ce3bbc1-6561-4c71-aa33-382692322b40'),
	 ('9fa4a002-bfeb-4e6a-9bfb-a2eeb1115ac5','KristoferHermann8126@10decoders.com','Kristofer','Hermann','48767ba4-a9a2-4c0b-9ce9-cf0c53e8e45e','983b41a6-f1b6-4309-87df-5bfd2048392f'),
	 ('a03d527e-7e1d-4244-881f-e0d5f6a1090a','FilomenaDavis8611@10decoders.com','Filomena','Davis','48767ba4-a9a2-4c0b-9ce9-cf0c53e8e45e','b501cfdc-ea0b-4659-b6d5-0449467a9ca0'),
	 ('a0d02f14-9578-4243-8083-b5f917425617','VirgilRice6843@fabbox.com','Virgil','Rice','8cf87de5-574d-44ab-bf7f-25dec35cca73','5ce3bbc1-6561-4c71-aa33-382692322b40'),
	 ('a2326838-ee18-44af-8d11-7283a2474475','JohnsonKilback8505@10decoders.com','Johnson','Kilback','8cf87de5-574d-44ab-bf7f-25dec35cca73','72b11cec-0080-496a-a3a9-92494007befb'),
	 ('a4093a52-a4b1-4684-ba51-56f1d5d60685','FernPurdy6594@fabbox.com','Fern','Purdy','8cf87de5-574d-44ab-bf7f-25dec35cca73','72b11cec-0080-496a-a3a9-92494007befb'),
	 ('a413197a-174e-4170-9ec3-9184602af592','MadisynKris0192@10decoders.com','Madisyn','Kris','48767ba4-a9a2-4c0b-9ce9-cf0c53e8e45e','983b41a6-f1b6-4309-87df-5bfd2048392f'),
	 ('a51887ba-3831-4a8e-b484-6dbf21181ebd','LarryDickinson1967@10decoders.com','Larry','Dickinson','8cf87de5-574d-44ab-bf7f-25dec35cca73','983b41a6-f1b6-4309-87df-5bfd2048392f');
INSERT INTO employee(id,email,first_name,last_name,company_id,status_id) VALUES
	 ('a57e9230-0e8b-4d8e-847f-b3d0311b9669','CasandraCartwright5259@dorustree.com','Casandra','Cartwright','48767ba4-a9a2-4c0b-9ce9-cf0c53e8e45e','b501cfdc-ea0b-4659-b6d5-0449467a9ca0'),
	 ('a64565d4-f97d-4826-8d84-bb7f23e4dc74','WilmerKunde2555@10decoders.com','Wilmer','Kunde','8cf87de5-574d-44ab-bf7f-25dec35cca73','983b41a6-f1b6-4309-87df-5bfd2048392f'),
	 ('a8d7679e-9964-47e3-ba7b-3d66c247526b','KieranMedhurst6727@fabbox.com','Kieran','Medhurst','48767ba4-a9a2-4c0b-9ce9-cf0c53e8e45e','983b41a6-f1b6-4309-87df-5bfd2048392f'),
	 ('aa83d556-12d2-404b-932f-583246f735ce','IgnacioTromp7526@fabbox.com','Ignacio','Tromp','48767ba4-a9a2-4c0b-9ce9-cf0c53e8e45e','b501cfdc-ea0b-4659-b6d5-0449467a9ca0'),
	 ('adece0ad-e00c-46a9-a712-1957ffbe335c','AlvinaHessel9766@10decoders.com','Alvina','Hessel','8cf87de5-574d-44ab-bf7f-25dec35cca73','72b11cec-0080-496a-a3a9-92494007befb'),
	 ('b05679d7-d2c0-4477-9a93-3b1634cbe621','FloydMoore9451@dorustree.com','Floyd','Moore','8cf87de5-574d-44ab-bf7f-25dec35cca73','72b11cec-0080-496a-a3a9-92494007befb'),
	 ('b0ea09f8-2539-4d31-8486-5c9d75512c6e','EvelinePollich4691@fabbox.com','Eveline','Pollich','48767ba4-a9a2-4c0b-9ce9-cf0c53e8e45e','72b11cec-0080-496a-a3a9-92494007befb'),
	 ('b2bf2467-1758-4eb5-8068-67e92e694970','ArturoMayer3636@fabbox.com','Arturo','Mayer','8cf87de5-574d-44ab-bf7f-25dec35cca73','5ce3bbc1-6561-4c71-aa33-382692322b40'),
	 ('b48e4121-7585-4207-a3f4-cfff3604e8e1','ShadRippin3523@dorustree.com','Shad','Rippin','48767ba4-a9a2-4c0b-9ce9-cf0c53e8e45e','72b11cec-0080-496a-a3a9-92494007befb'),
	 ('b5c95730-6a1e-4efc-b032-bc3d1b4be55e','HermannTromp5204@dorustree.com','Hermann','Tromp','8cf87de5-574d-44ab-bf7f-25dec35cca73','b501cfdc-ea0b-4659-b6d5-0449467a9ca0');
INSERT INTO employee(id,email,first_name,last_name,company_id,status_id) VALUES
	 ('b606cb5c-ab5b-4566-9dcb-e4e072923fdd','YolandaMurray7053@dorustree.com','Yolanda','Murray','48767ba4-a9a2-4c0b-9ce9-cf0c53e8e45e','983b41a6-f1b6-4309-87df-5bfd2048392f'),
	 ('b6be4a1c-a210-475a-a949-c5ff8383b7d1','TyreekBode8598@fabbox.com','Tyreek','Bode','48767ba4-a9a2-4c0b-9ce9-cf0c53e8e45e','72b11cec-0080-496a-a3a9-92494007befb'),
	 ('b7480234-216f-415f-92f1-c7700bdcf514','SheridanKautzer0304@dorustree.com','Sheridan','Kautzer','8cf87de5-574d-44ab-bf7f-25dec35cca73','5ce3bbc1-6561-4c71-aa33-382692322b40'),
	 ('b7cb5b88-508b-48a2-b167-f363a340e299','TonyEbert0102@fabbox.com','Tony','Ebert','8cf87de5-574d-44ab-bf7f-25dec35cca73','72b11cec-0080-496a-a3a9-92494007befb'),
	 ('b84e187a-d869-4056-85a7-0758717ca4e5','EdythBrakus9476@10decoders.com','Edyth','Brakus','48767ba4-a9a2-4c0b-9ce9-cf0c53e8e45e','983b41a6-f1b6-4309-87df-5bfd2048392f'),
	 ('b89030a8-825a-4653-817a-a556a45311a8','DonaldJohnson8404@10decoders.com','Donald','Johnson','8cf87de5-574d-44ab-bf7f-25dec35cca73','983b41a6-f1b6-4309-87df-5bfd2048392f'),
	 ('bc4754aa-bb5d-4517-9860-42895fefdfbb','MacKilback5819@dorustree.com','Mac','Kilback','48767ba4-a9a2-4c0b-9ce9-cf0c53e8e45e','983b41a6-f1b6-4309-87df-5bfd2048392f'),
	 ('bc8684ac-ba38-40de-9bfb-3ca135518571','AdolfoHansen7779@dorustree.com','Adolfo','Hansen','48767ba4-a9a2-4c0b-9ce9-cf0c53e8e45e','72b11cec-0080-496a-a3a9-92494007befb'),
	 ('bcfb733b-d4d3-4bd5-a0d4-83591e27d9ce','MagdalenStanton6064@fabbox.com','Magdalen','Stanton','48767ba4-a9a2-4c0b-9ce9-cf0c53e8e45e','983b41a6-f1b6-4309-87df-5bfd2048392f'),
	 ('bcfc4083-8e7f-4083-a0df-8a34ee49b909','AugustusAbernathy4496@10decoders.com','Augustus','Abernathy','48767ba4-a9a2-4c0b-9ce9-cf0c53e8e45e','5ce3bbc1-6561-4c71-aa33-382692322b40');
INSERT INTO employee(id,email,first_name,last_name,company_id,status_id) VALUES
	 ('bdd94de6-70bc-43cc-b222-11d458980fc4','CatherineGerlach1949@10decoders.com','Catherine','Gerlach','48767ba4-a9a2-4c0b-9ce9-cf0c53e8e45e','5ce3bbc1-6561-4c71-aa33-382692322b40'),
	 ('bfa12351-a0b5-45cd-81b6-9f3e0be2e6df','KatrineCorwin0303@dorustree.com','Katrine','Corwin','8cf87de5-574d-44ab-bf7f-25dec35cca73','72b11cec-0080-496a-a3a9-92494007befb'),
	 ('c0485a91-4e08-4c24-86c9-71ea02fdf68b','EmoryJerde7494@fabbox.com','Emory','Jerde','48767ba4-a9a2-4c0b-9ce9-cf0c53e8e45e','b501cfdc-ea0b-4659-b6d5-0449467a9ca0'),
	 ('c2d4ba37-718e-404b-abec-6fd3a1f4d593','BradRatke9734@10decoders.com','Brad','Ratke','48767ba4-a9a2-4c0b-9ce9-cf0c53e8e45e','72b11cec-0080-496a-a3a9-92494007befb'),
	 ('c32926bb-62ef-44ee-9047-ffa9d2a5702a','BernadineBergnaum1262@fabbox.com','Bernadine','Bergnaum','48767ba4-a9a2-4c0b-9ce9-cf0c53e8e45e','b501cfdc-ea0b-4659-b6d5-0449467a9ca0'),
	 ('c33dfa91-339b-41c9-90fb-16ef4656f0f0','GustRatke6309@10decoders.com','Gust','Ratke','48767ba4-a9a2-4c0b-9ce9-cf0c53e8e45e','b501cfdc-ea0b-4659-b6d5-0449467a9ca0'),
	 ('c5428b33-cb49-4449-bbe4-ab6b78f8acaf','EdgarCorwin4499@dorustree.com','Edgar','Corwin','8cf87de5-574d-44ab-bf7f-25dec35cca73','72b11cec-0080-496a-a3a9-92494007befb'),
	 ('c63b5a48-c33e-46c0-b75b-3b723dbcc44f','ChazReilly5416@10decoders.com','Chaz','Reilly','48767ba4-a9a2-4c0b-9ce9-cf0c53e8e45e','5ce3bbc1-6561-4c71-aa33-382692322b40'),
	 ('c7897c09-9a65-4469-883c-68b16019b652','DawsonRolfson5797@dorustree.com','Dawson','Rolfson','48767ba4-a9a2-4c0b-9ce9-cf0c53e8e45e','b501cfdc-ea0b-4659-b6d5-0449467a9ca0'),
	 ('c9139892-33eb-4948-a757-7b5e58ca3758','ShawnaToy3580@dorustree.com','Shawna','Toy','48767ba4-a9a2-4c0b-9ce9-cf0c53e8e45e','b501cfdc-ea0b-4659-b6d5-0449467a9ca0');
INSERT INTO employee(id,email,first_name,last_name,company_id,status_id) VALUES
	 ('ca8e8be5-e5a5-4b07-886d-7b0245fd24ef','YasminKuhic2707@dorustree.com','Yasmin','Kuhic','8cf87de5-574d-44ab-bf7f-25dec35cca73','983b41a6-f1b6-4309-87df-5bfd2048392f'),
	 ('cd955c7e-1c0a-494d-8d69-3638680da3da','JasminHomenick3749@fabbox.com','Jasmin','Homenick','8cf87de5-574d-44ab-bf7f-25dec35cca73','b501cfdc-ea0b-4659-b6d5-0449467a9ca0'),
	 ('cecc6ea4-9141-4cd0-84b0-79eb086689f5','JettieO''Hara0604@fabbox.com','Jettie','O''Hara','8cf87de5-574d-44ab-bf7f-25dec35cca73','72b11cec-0080-496a-a3a9-92494007befb'),
	 ('cef1fc39-feb7-4673-989e-dd0fcd85dba0','MelyssaCronin4281@fabbox.com','Melyssa','Cronin','8cf87de5-574d-44ab-bf7f-25dec35cca73','5ce3bbc1-6561-4c71-aa33-382692322b40'),
	 ('cfb9a22a-c9c4-4511-9a51-89f22036ef76','AurelioWelch2602@fabbox.com','Aurelio','Welch','8cf87de5-574d-44ab-bf7f-25dec35cca73','b501cfdc-ea0b-4659-b6d5-0449467a9ca0'),
	 ('d0a138bc-c6ba-4969-92bb-d96a2396bda3','JaydeHane1723@fabbox.com','Jayde','Hane','8cf87de5-574d-44ab-bf7f-25dec35cca73','b501cfdc-ea0b-4659-b6d5-0449467a9ca0'),
	 ('d1ae0373-d25a-41d4-b755-37073ca208c4','JovannySmitham6664@fabbox.com','Jovanny','Smitham','48767ba4-a9a2-4c0b-9ce9-cf0c53e8e45e','72b11cec-0080-496a-a3a9-92494007befb'),
	 ('d27fca0f-9edc-439e-b29f-e11f51418bc8','RoyceCorkery7469@fabbox.com','Royce','Corkery','48767ba4-a9a2-4c0b-9ce9-cf0c53e8e45e','72b11cec-0080-496a-a3a9-92494007befb'),
	 ('d808fa03-7453-4bd1-9dbc-6423e651053a','CandaceUllrich8750@fabbox.com','Candace','Ullrich','48767ba4-a9a2-4c0b-9ce9-cf0c53e8e45e','5ce3bbc1-6561-4c71-aa33-382692322b40'),
	 ('d990976d-aca6-4f54-8ae4-609654e07aad','EwellCassin7568@dorustree.com','Ewell','Cassin','48767ba4-a9a2-4c0b-9ce9-cf0c53e8e45e','983b41a6-f1b6-4309-87df-5bfd2048392f');
INSERT INTO employee(id,email,first_name,last_name,company_id,status_id) VALUES
	 ('db847d0e-a7d0-4aa6-8d5f-3da6a46813c3','EarleneMorar1512@10decoders.com','Earlene','Morar','8cf87de5-574d-44ab-bf7f-25dec35cca73','5ce3bbc1-6561-4c71-aa33-382692322b40'),
	 ('dc654b11-c8b6-4654-9087-63b865766225','ZolaHoeger7538@dorustree.com','Zola','Hoeger','48767ba4-a9a2-4c0b-9ce9-cf0c53e8e45e','983b41a6-f1b6-4309-87df-5bfd2048392f'),
	 ('dce3cac8-33ed-476c-bd0e-7fa4aa0bd88e','AntoninaSimonis7252@10decoders.com','Antonina','Simonis','8cf87de5-574d-44ab-bf7f-25dec35cca73','983b41a6-f1b6-4309-87df-5bfd2048392f'),
	 ('de8e8562-b111-4498-a723-70db9875f763','RogelioDeckow8871@dorustree.com','Rogelio','Deckow','8cf87de5-574d-44ab-bf7f-25dec35cca73','5ce3bbc1-6561-4c71-aa33-382692322b40'),
	 ('e0b09822-2d1a-40f3-a800-e13e0a1119f3','MerlKuphal7550@10decoders.com','Merl','Kuphal','8cf87de5-574d-44ab-bf7f-25dec35cca73','b501cfdc-ea0b-4659-b6d5-0449467a9ca0'),
	 ('e0de9016-4134-4475-b4d5-c22e13aa103e','OtiliaHagenes1736@10decoders.com','Otilia','Hagenes','8cf87de5-574d-44ab-bf7f-25dec35cca73','5ce3bbc1-6561-4c71-aa33-382692322b40'),
	 ('e11897d6-74b4-49a0-8aad-66a1836a70ef','DavonteLarson4061@10decoders.com','Davonte','Larson','8cf87de5-574d-44ab-bf7f-25dec35cca73','983b41a6-f1b6-4309-87df-5bfd2048392f'),
	 ('e12a6715-26f9-4cd0-9716-e77d3d6a9787','JeradWard6507@10decoders.com','Jerad','Ward','8cf87de5-574d-44ab-bf7f-25dec35cca73','983b41a6-f1b6-4309-87df-5bfd2048392f'),
	 ('e2ef625d-1411-44e7-8f06-23d65f4a2d8c','DewittWatsica4817@dorustree.com','Dewitt','Watsica','48767ba4-a9a2-4c0b-9ce9-cf0c53e8e45e','5ce3bbc1-6561-4c71-aa33-382692322b40'),
	 ('e3161d3b-1f3f-4b6e-8129-2c9bf727c378','LeannaHeaney8002@dorustree.com','Leanna','Heaney','8cf87de5-574d-44ab-bf7f-25dec35cca73','983b41a6-f1b6-4309-87df-5bfd2048392f');
INSERT INTO employee(id,email,first_name,last_name,company_id,status_id) VALUES
	 ('e59c515c-d089-4058-bee4-339304dd8ddd','SalvadorO''Hara5839@dorustree.com','Salvador','O''Hara','8cf87de5-574d-44ab-bf7f-25dec35cca73','983b41a6-f1b6-4309-87df-5bfd2048392f'),
	 ('e5ca6091-f72a-4d6a-b5dc-1e70c54e0de6','MableGreenholt9956@fabbox.com','Mable','Greenholt','48767ba4-a9a2-4c0b-9ce9-cf0c53e8e45e','5ce3bbc1-6561-4c71-aa33-382692322b40'),
	 ('e71537c9-a927-4017-8323-24ecd4c09153','CarleeKeebler1917@dorustree.com','Carlee','Keebler','8cf87de5-574d-44ab-bf7f-25dec35cca73','72b11cec-0080-496a-a3a9-92494007befb'),
	 ('e7378bca-4b6b-4310-be97-7d087bca333b','JalynEffertz5137@10decoders.com','Jalyn','Effertz','8cf87de5-574d-44ab-bf7f-25dec35cca73','b501cfdc-ea0b-4659-b6d5-0449467a9ca0'),
	 ('e7da35c8-6152-427e-bc01-606dd8e86bef','FlorenceMacGyver1778@10decoders.com','Florence','MacGyver','8cf87de5-574d-44ab-bf7f-25dec35cca73','983b41a6-f1b6-4309-87df-5bfd2048392f'),
	 ('e8889369-1765-4f3c-894c-7c36eec9ae9c','JermainJerde1182@dorustree.com','Jermain','Jerde','8cf87de5-574d-44ab-bf7f-25dec35cca73','72b11cec-0080-496a-a3a9-92494007befb'),
	 ('e9c1efff-2d89-49e0-a049-c4c2dc89b103','PollyWeimann0318@dorustree.com','Polly','Weimann','48767ba4-a9a2-4c0b-9ce9-cf0c53e8e45e','b501cfdc-ea0b-4659-b6d5-0449467a9ca0'),
	 ('e9efe100-4092-4bc2-822a-9ad9e5ea7f0e','WardHeathcote5245@dorustree.com','Ward','Heathcote','48767ba4-a9a2-4c0b-9ce9-cf0c53e8e45e','983b41a6-f1b6-4309-87df-5bfd2048392f'),
	 ('ea6a7960-46fa-44af-a572-8047e91929c5','TyreekKlein8889@dorustree.com','Tyreek','Klein','48767ba4-a9a2-4c0b-9ce9-cf0c53e8e45e','5ce3bbc1-6561-4c71-aa33-382692322b40'),
	 ('eb4d143d-1306-44c2-ad29-e01d784c4dc2','EmilioStiedemann8132@fabbox.com','Emilio','Stiedemann','48767ba4-a9a2-4c0b-9ce9-cf0c53e8e45e','5ce3bbc1-6561-4c71-aa33-382692322b40');